SpeciesCode,WoodySpecies
ABUTHE,Abutilon theophrasi
ABUTHE,Abutilon theophrasti
ACADEA,Acalypha deamii
ACAOST,Acalypha ostryifolia
ACARHO,Acalypha rhomboidea
ACALYP,Acalypha sp.
ACAVIR,Acalypha virginica
ACENEG,Acer negundo
ACENIG,Acer nigrum
ACEPAL,Acer palmatum
ACEPEN,Acer pensylvanicum
ACEPLA,Acer platanoides
ACERUB,Acer rubrum
ACESAC,Acer saccharinum
ACESAR,Acer saccharum
ACER,Acer sp.
ACESPI,Acer spicatum
ACETAT,Acer tataricum
ACEFRE,Acer x freemanii
ACHMIL,Achillea millefolium
ACONOV,Aconitum noveboracense
ACONIT,Aconitum sp.
ACOUNC,Aconitum uncinatum
ACOAME,Acorus americanus
ACOCAL,Acorus calamus
ACTALB,Actaea alba
ACTRUB,Actaea rubra
ACTAEA,Actaea sp.
ACTARG,Actinidia arguta
ADIPED,Adiantum pedatum
ADLFUN,Adlumia fungosa
AEGCYL,Aegilops cylindrica
AEGPOD,Aegopodium podagraria
AESFLA,Aesculus flava
AESGLA,Aesculus glabra
AESHIP,Aesculus hippocastanum
AESCUL,Aesculus sp.
AETCYN,Aethusa cynapium
AGOAUR,Agalinis auriculata
AGAGAT,Agalinis gattingeri
AGAPUPA,Agalinis purpurea (L.) Pennell var. parviflora
AGAPUPA,Agalinis purpurea var. parviflora
AGAPUPU,Agalinis purpurea var. purpurea
AGASKI,Agalinis skinneriana
AGALIN,Agalinis sp.
AGATEN,Agalinis tenuifolia
AGANEP,Agastache nepetoides
AGASCR,Agastache scrophulariifolia
AGASTA,Agastache sp.
AGRGRY,Agrimonia gryposepala
AGRPAR,Agrimonia parviflora
AGRPUB,Agrimonia pubescens
AGRROS,Agrimonia rostellata
AGRIMO,Agrimonia sp.
AGRSTR,Agrimonia striata
AGRDES,Agropyron desertorum
AGRGIT,Agrostemma githago
AGRCAP,Agrostis capillaris
AGRELL,Agrostis elliottiana
AGRGIG,Agrostis gigantea
AGRHYE,Agrostis hyemalis
AGRPER,Agrostis perennans
AGROST,Agrostis sp.
AGRSTO,Agrostis stolonifera
AGRTEN,Agrostis tenuis
AILALT,Ailanthus altissima
AIRCAR,Aira caryophyllea
AJUGEN,Ajuga genevensis
AJUREP,Ajuga reptans
AKEQUI,Akebia quinata
ALBJUL,Albizia julibrissin
ALEFAR,Aletris farinosa
ALISMA,Alisma sp.
ALISUB,Alisma subcordatum
ALITRI,Alisma triviale
ALLPET,Alliaria petiolata
ALLCAN,Allium canadense
ALLCER,Allium cernuum
ALLSAT,Allium sativum
ALLSCH,Allium schoenoprasum
ALLIUM,Allium sp.
ALLTRI,Allium tricoccum
ALLVIN,Allium vineale
ALNGLU,Alnus glutinosa
ALNINC,Alnus incana
ALNSER,Alnus serrulata
ALNUS,Alnus sp.
ALOAEQ,Alopecurus aequalis
ALOCAR,Alopecurus carolinianus
ALOMYO,Alopecurus myosuroides
ALOPRA,Alopecurus pratensis
ALOPEC,Alopecurus sp.
ALTOFF,Althaea officinalis
ALTROS,Althaea rosea
ALYALY,Alyssum alyssoides
ALYSAX,Alyssum saxatile
AMAALB,Amaranthus albus
AMABLI,Amaranthus blitoides
AMABLT,Amaranthus blitum
AMACRU,Amaranthus cruentus
AMAHYB,Amaranthus hybridus
AMAPAL,Amaranthus palmeri
AMAPOW,Amaranthus powellii
AMARET,Amaranthus retroflexus
AMARUD,Amaranthus rudis
AMARAN,Amaranthus sp.
AMASPI,Amaranthus spinosus
AMATUB,Amaranthus tuberculatus
AMBART,Ambrosia artemisiifolia
AMBBID,Ambrosia bidentata
AMBPSI,Ambrosia psilostachya
AMBROS,Ambrosia sp.
AMBTRI,Ambrosia trifida
AMEARB,Amelanchier arborea
AMEINT,Amelanchier interior
AMELAE,Amelanchier laevis
AMESAN,Amelanchier sanguinea
AMELAN,Amelanchier sp.
AMESPI,Amelanchier spicata
AMMANI,Ammania sp.
AMMCOC,Ammannia coccinea
AMMROB,Ammannia robusta
AMMANI,Ammannia sp.
AMMBRE,Ammophila breviligulata
AMOCAN,Amorpha canescens
AMOFRU,Amorpha fruticosa
AMPALB,Ampelamus albidus
AMPBRE,Ampelopsis brevipedunculata
AMPCOR,Ampelopsis cordata
AMPELO,Ampelopsis sp.
AMPDRA,Amphiachyris dracunculoides
AMPDRA,Amphiachyris dracunuloides
AMPBRA,Amphicarpaea bracteata
AMSLYC,Amsinckia lycopsoides
AMSLYC,Amsinkia lycopsoides
AMSTAB,Amsonia tabernaemontana
ANAARV,Anagallis arvensis
ANAMAR,Anaphalis margaritacea
ANCARV,Anchusa arvensis
ANCAZU,Anchusa azurea
ANCOFF,Anchusa officinalis
ANDGLA,Andromeda glaucophylla
ANDGER,Andropogon gerardii
ANDGLO,Andropogon glomeratus
ANDGYR,Andropogon gyrans
ANDROP,Andropogon sp.
ANDVIR,Andropogon virginicus
ANDOCC,Androsace occidentalis
ANECAN,Anemone canadensis
ANECYL,Anemone cylindrica
ANEQUI,Anemone quinquefolia
ANEMON,Anemone sp.
ANEVIR,Anemone virginiana
ANETHA,Anemonella thalictroides
ANEGRA,Anethum graveolens
ANGATR,Angelica atropurpurea
ANGELI,Angelica sp.
ANGVEN,Angelica venenosa
ANOCRI,Anoda cristata
ANTNEG,Antennaria neglecta
ANTPLA,Antennaria plantaginifolia
ANTSOL,Antennaria solitaria
ANTENN,Antennaria sp.
ANTVIR,Antennaria virginica
ANTARV,Anthemis arvensis
ANTCOT,Anthemis cotula
ANTNOB,Anthemis nobilis
ANTHEM,Anthemis sp.
ANTTIN,Anthemis tinctoria
ANTARI,Anthoxanthum aristatum
ANTODO,Anthoxanthum odoratum
ANTCAU,Anthriscus caucalis
ANTSYL,Anthriscus sylvestris
ANTVUL,Anthyllis vulneraria
ANTMAJ,Antirrhinum majus
ANTORO,Antirrhinum orontium
APESPI,Apera spica-venti
APIAME,Apios americana
APIGRA,Apium graveolens
APLHYE,Aplectrum hyemale
APOAND,Apocynum androsaemifolium
APOCAN,Apocynum cannabinum
APOSIB,Apocynum sibiricum
APOCYN,Apocynum sp.
AQUCAN,Aquilegia canadensis
AQUVUL,Aquilegia vulgaris
ARALYR,Arabidopsis lyrata
ARATHA,Arabidopsis thaliana
ARACAN,Arabis canadensis
ARADIV,Arabis divaricarpa
ARADRU,Arabis drummondii
ARAGLA,Arabis glabra
ARAHIRA,Arabis hirsuta var. adpressipilis
ARAHIRP,Arabis hirsuta var. pycnocarpa
ARALAE,Arabis laevigata
ARALYR,Arabis lyrata
ARAMIS,Arabis missouriensis
ARAPAT,Arabis patens
ARAPYCA,Arabis pycnocarpa M. Hopkins. var. adpressipilis
ARAPYCP,Arabis pycnocarpa M. Hopkins. var. pycnocarpa
ARASHO,Arabis shortii
ARABIS,Arabis sp.
ARAHIS,Aralia hispida
ARANUD,Aralia nudicaulis
ARARAC,Aralia racemosa
ARALIA,Aralia sp.
ARASPI,Aralia spinosa
ARCLAP,Arctium lappa
ARCMIN,Arctium minus
ARCUVA,Arctostaphylos uva-ursi
ARELAT,Arenaria lateriflora
AREPAT,Arenaria patula
ARESER,Arenaria serpyllifolia
ARENAR,Arenaria sp.
ARESTR,Arenaria stricta
AREBUL,Arethusa bulbosa
ARGALB,Argemone albiflora
ARGMEX,Argemone mexicana
ARIDRA,Arisaema dracontium
ARISAE,Arisaema sp.
ARITRIS,Arisaema triphyllum (L.) Schott subsp. stewardsonii
ARITRIT,Arisaema triphyllum subsp. triphyllum
ARIDIC,Aristida dichotoma
ARILONG,Aristida longespica Poir. var. geniculata
ARILONG,Aristida longespica var. geniculata
ARILONL,Aristida longespica var. longespica
ARIOLI,Aristida oligantha
ARIPUR,Aristida purpurascens
ARISTI,Aristida sp.
ARICLE,Aristolochia clematitis
ARISER,Aristolochia serpentaria
ARITOM,Aristolochia tomentosa
ARMLAC,Armoracia lacustris
ARMRUS,Armoracia rusticana
ARNMIN,Arnoseris minima
AROARB,Aronia arbutifolia
AROMEL,Aronia melanocarpa
ARONIA,Aronia sp.
ARRELA,Arrhenatherum elatius
ARTABS,Artemisia absinthium
ARTANN,Artemisia annua
ARTBIE,Artemisia biennis
ARTCAM,Artemisia campestris L. var. caudata
ARTCAM,Artemisia campestris var. caudata
ARTLUD,Artemisia ludoviciana
ARTPON,Artemisia pontica
ARTEMS,Artemisia sp.
ARTVUL,Artemisia vulgaris
ARTEMS,Artemsia sp.
ARTHIS,Arthraxon hispidus
ARUDIO,Aruncus dioicus
ARUGIG,Arundinaria gigantea
ASACAN,Asarum canadense
ASCAMP,Asclepias amplexicaulis
ASCEXA,Asclepias exaltata
ASCHIR,Asclepias hirtella
ASCINC,Asclepias incarnata
ASCPUR,Asclepias purpurascens
ASCQUA,Asclepias quadrifolia
ASCLEP,Asclepias sp.
ASCSUL,Asclepias sullivantii
ASCSYR,Asclepias syriaca
ASCTUB,Asclepias tuberosa
ASCVAR,Asclepias variegata
ASCVER,Asclepias verticillata
ASCVIR,Asclepias viridiflora
ASCVID,Asclepias viridis
ASITRI,Asimina triloba
ASPOFF,Asparagus officinalis
ASPPRO,Asperugo procumbens
ASPBRA,Asplenium bradleyi
ASPMON,Asplenium montanum
ASPPIN,Asplenium pinnatifidum
ASPPLA,Asplenium platyneuron
ASPRES,Asplenium resiliens
ASPRHI,Asplenium rhizophyllum
ASPRUT,Asplenium ruta-muraria
ASPLEN,Asplenium sp.
ASPTRI,Asplenium trichomanes
ASTACU,Aster acuminatus
ASTBOR,Aster borealis
ASTBRA,Aster brachyactis
ASTCOR,Aster cordifolius
ASTDIV,Aster divaricatus
ASTDRU,Aster drummondii
ASTDUM,Aster dumosus
ASTERI,Aster ericoides
ASTFIR,Aster firmus
ASTINF,Aster infirmus
ASTLAE,Aster laevis
ASTLAN,Aster lanceolatus
ASTLAT,Aster lateriflorus
ASTLIN,Aster linariifolius
ASTLOW,Aster lowrieanus
ASTMAC,Aster macrophyllus
ASTNOV,Aster novae-angliae
ASTOBL,Aster oblongifolius
ASTONT,Aster ontarionis
ASTOOL,Aster oolentangiensis
ASTPAT,Aster patens
ASTPTR,Aster paternus
ASTPIL,Aster pilosus
ASTPRA,Aster praealtus
ASTPRE,Aster prenanthoides
ASTPUN,Aster puniceus
ASTRAC,Aster racemosus
ASTSAG,Aster sagittifolius
ASTSCH,Aster schreberi
ASTSHO,Aster shortii
ASTSOL,Aster solidagineus
ASTER,Aster sp.
ASTSUB,Aster subulatus
ASTSUR,Aster surculosus
ASTUMB,Aster umbellatus
ASTUND,Aster undulatus
ASTCAN,Astragalus canadensis
ASTNEG,Astragalus neglectus
ATHFEL,Athyrium filix-femina
ATHPYC,Athyrium pycnocarpon
ATHYRI,Athyrium sp.
ATHTHE,Athyrium thelypteriodes
ATRPAT,Atriplex patula
ATRROS,Atriplex rosea
AUEROL,Auerolaria sp.
AURFLA,Aureolaria flava
AURLAE,Aureolaria laevigata
AURPEDA,Aureolaria pedicularia (L.) Raf. var. ambigens
AURPEDA,Aureolaria pedicularia var. ambigens
AURPEDP,Aureolaria pedicularia var. pedicularia
AUEROL,Aureolaria sp.
AURVIR,Aureolaria virginica
AVEFAT,Avena fatua
AVESAT,Avena sativa
AZOCAR,Azolla caroliniana
BALNIG,Ballota nigra
BAPAUS,Baptisia australis
BAPLAC,Baptisia lactea
BAPTIS,Baptisia sp.
BAPTIN,Baptisia tinctoria
BARBAR,Barbarea sp.
BARVER,Barbarea verna
BARVUL,Barbarea vulgaris
BARPAN,Bartonia paniculata
BARTON,Bartonia sp.
BARVIR,Bartonia virginica
BECSYZ,Beckmannia syzigachne
BELCHI,Belamcanda chinensis
BELPER,Bellis perennis
BERBER,Berberis sp.
BERTHU,Berberis thunbergii
BERVUL,Berberis vulgaris
BERINC,Berteroa incana
BESBUL,Besseya bullii
BETALB,Betula alba
BETALL,Betula alleghaniensis
BETLEN,Betula lenta
BETNIG,Betula nigra
BETPAP,Betula papyrifera
BETPEN,Betula pendula
BETPOP,Betula populifolia
BETPUM,Betula pumila
BETULA,Betula sp.
BIDARI,Bidens aristosa
BIDBEC,Bidens beckii
BIDBIP,Bidens bipinnata
BIDCER,Bidens cernua
BIDCOM,Bidens comosa
BIDCON,Bidens connata
BIDCOR,Bidens coronata
BIDDIS,Bidens discoidea
BIDFRO,Bidens frondosa
BIDPOL,Bidens polylepis
BIDENS,Bidens sp.
BIDENS,Bidens sp. 2
BIDENS,Bidens sp. 3
BIDVUL,Bidens vulgata
BIGCAP,Bignonia capreolata
BLECIL,Blephilia ciliata
BLEHIR,Blephilia hirsuta
BLEPHI,Blephilia sp.
BOEGRA,Boechera grahamii
BOEMIS,Boechera missouriensis
BOESTR,Boechera stricta
BOECYL,Boehmeria cylindrica
BOLFLU,Bolboschoenus fluviatilis
BOMA7,Bolboschoenus maritimus
BOLAST,Boltonia asteroides
BOROFF,Borago officinalis
BOTBLA,Bothriochloa bladhii
BOTISC,Bothriochloa ischaemum
BOTBIT,Botrychium biternatum
BOTDIS,Botrychium dissectum
BOTLAN,Botrychium lanceolatum
BOTMAT,Botrychium matricariifolium
BOTMUL,Botrychium multifidum
BOTONE,Botrychium oneidense
BOTSIM,Botrychium simplex
BOTRYC,Botrychium sp.
BOTVIR,Botrychium virginianum
BOUCUR,Bouteloua curtipendula
BOUGRA,Bouteloua gracilis
BOUHIR,Bouteloua hirsuta
BRACHY,Brachyeletrum sp.
BRAARI,Brachyelytrum aristosum
BRAERE,Brachyelytrum erectum
BRACHY,Brachyelytrum sp.
BRASCH,Brasenia schreberi
BRAALB,Brassica alba
BRAJUN,Brassica juncea
BRANAP,Brassica napus
BRANIG,Brassica nigra
BRAOLE,Brassica oleracea
BRARAP,Brassica rapa
BRASSI,Brassica sp.
BROCOM,Bromis commutatus
BROARV,Bromus arvensis
BROBRI,Bromus brizaeformis
BROCIL,Bromus ciliatus
BROCOM,Bromus commutatus
BROHOR,Bromus hordaceus
BROHOR,Bromus hordeaceus
BROINE,Bromus inermis
BROJAP,Bromus japonicus
BROKAL,Bromus kalmii
BROALT,Bromus latiglumis
BRONOT,Bromus nottowayanus
BROPUB,Bromus pubescens
BROSEC,Bromus secalinus
BROMUS,Bromus sp.
BROTEC,Bromus tectorum
BROPAP,Broussonetia papyrifera
BROAME,Browallia americana
BUCAME,Buchnera americana
BUDDAV,Buddleja davidii
BULCAP,Bulbostylis capillaris
BUNORI,Bunias orientalis
BUPLAN,Bupleurum lancifolium
BUPROT,Bupleurum rotundifolium
BUTUMB,Butomus umbellatus
BUXSEM,Buxus sempervirens
CABCAR,Cabomba caroliniana
CACATR,Cacalia atriplicifolia
CACMUH,Cacalia muhlenbergii
CACPLA,Cacalia plantaginea
CACALI,Cacalia sp.
CACSUA,Cacalia suaveolens
CAKEDE,Cakile edentula
CALCAN,Calamagrostis canadensis
CALCIN,Calamagrostis cinnoides
CALINS,Calamagrostis insperata
CALAMA,Calamagrostis sp.
CALSTR,Calamagrostis stricta
CALARK,Calamintha arkansana
CLLPAL,Calla palustris
CALHET,Callitriche heterophylla
CALPAL,Callitriche palustris
CALLIT,Callitriche sp.
CALTER,Callitriche terrestris
CALTUB,Calopogon tuberosus
CLTPAL,Caltha palustris
CALFLOG,Calycanthus floridus L. var. glaucus
CALFLOG,Calycanthus floridus var. glaucus
CALHED,Calystegia hederacea
CALSEP,Calystegia sepium
CALYST,Calystegia sp.
CALSPI,Calystegia spithamaea
CAMSCI,Camassia scilloides
CAMMIC,Camelina microcarpa
CAMSAT,Camelina sativa
CAMELI,Camelina sp.
CAMAME,Campanula americana
CAMAPA,Campanula aparinoides
CAMRAP,Campanula rapunculoides
CAMROT,Campanula rotundifolia
CAMPAN,Campanula sp.
CAMTRA,Campanula trachelium
CAMRAD,Campsis radicans
CANSAT,Cannabis sativa
CAPBUR,Capsella bursa-pastoris
CARANG,Cardamine angustata
CARCON,Cardamine concatenata
CARDIP,Cardamine diphylla
CARDIS,Cardamine dissecta
CARDOU,Cardamine douglassii
CARFLE,Cardamine flexuosa
CARHIR,Cardamine hirsuta
CARIMP,Cardamine impatiens
CARPAR,Cardamine parviflora
CARPEN,Cardamine pensylvanica
CARPRA,Cardamine pratensis
CARRHO,Cardamine rhomboidea
CARROT,Cardamine rotundifolia
CARDAM,Cardamine sp.
CARDRA,Cardaria draba
CARHAL,Cardiospermum halicacabum
CARACA,Carduus acanthoides
CARNUT,Carduus nutans
CARDUU,Carduus sp.
CXAGGR,Carex aggregata
CXALAT,Carex alata
CXALBAA,Carex albicans var. albicans
CXALBEE,Carex albicans var. emmonsii
CXALBEE,Carex albicans Willd. ex Spreng. var. emmonsii
CXALBO,Carex albolutescens
CXALBU,Carex albursina
CXALOP,Carex alopecoidea
CXAMPH,Carex amphibola
CXANNE,Carex annectens
CXAPPA,Carex appalachica
CXAQUA,Carex aquatilis
CXARCT,Carex arctata
CXARGY,Carex argyrantha
CXATHE,Carex atherodes
CXATLAC,Carex atlantica L.H. Bailey subsp. capillacea
CXATLAA,Carex atlantica subsp. atlantica
CXATLAC,Carex atlantica subsp. capillacea
CXAURE,Carex aurea
CXAUST,Carex austrina
CXBEBB,Carex bebbii
CXBICK,Carex bicknellii
CXBLAN,Carex blanda
CXBREV,Carex brevior
CXBROM,Carex bromoides
CXBRUN,Carex brunnescens
CXBUSH,Carex bushii
CXBUXB,Carex buxbaumii
CXCANE,Carex canescens
CXCARE,Carex careyana
CXCARO,Carex caroliniana
CXCPHLO,Carex cephaloidea
CXCPHLA,Carex cephalophora
CXCHER,Carex cherokeensis
CXCOMM,Carex communis
CXCOMO,Carex comosa
CXCOMP,Carex complanata
CXCONJ,Carex conjuncta
CXCONO,Carex conoidea
CXCRAW,Carex crawei
CXCRINB,Carex crinita Lam. var. brevicrinis
CXCRINB,Carex crinita var. brevicrinis
CXCRINC,Carex crinita var. crinita
CXCRIS,Carex cristatella
CXCRUS,Carex crus-corvi
CXCRYP,Carex cryptolepis
CXCUMB,Carex cumberlandensis
CXDAVI,Carex davisii
CXDEBIR,Carex debilis Michx. var. rudgei
CXDEBID,Carex debilis var. debilis
CXDEBIR,Carex debilis var. rudgei
CXDECO,Carex decomposita
CXDEWE,Carex deweyana
CXDIAN,Carex diandra
CXDIGI,Carex digitalis
CXDISP,Carex disperma
CXEBUR,Carex eburnea
CXECHI,Carex echinata
CXEMOR,Carex emoryi
CXFEST,Carex festucacea
CXFLAV,Carex flava
CXFOLL,Carex folliculata
CXFORM,Carex formosa
CXFRAN,Carex frankii
CXGARB,Carex garberi
CXGIGA,Carex gigantea
CXGLAU,Carex glaucodea
CXGRCLE,Carex gracilescens
CXGRCLI,Carex gracillima
CXGRAN,Carex granularis
CXGRAY,Carex grayi
CXGRIS,Carex grisea
CXGYNA,Carex gynandra
CXHAYD,Carex haydenii
CXHIRS,Carex hirsutella
CXHIRT,Carex hirtifolia
CXHITC,Carex hitchcockiana
CXHYAL,Carex hyalinolepis
CXHYST,Carex hystericina
CXINTE,Carex interior
CXINTU,Carex intumescens
CXJAME,Carex jamesii
CXJUNI,Carex juniperorum
CXKRAL,Carex kraliana
CXLACU,Carex lacustris
CXLAEV,Carex laevivaginata
CXLASI,Carex lasiocarpa
CXLAXC,Carex laxiculmis
CXLAXF,Carex laxiflora
CXLEAV,Carex leavenworthii
CXLEPTA,Carex leptalea
CXLPTON,Carex leptonervia
CXLIM,Carex limosa
CXLONG,Carex longii
CXLOUS,Carex louisianica
CXLUCO,Carex lucorum
CXLUPF,Carex lupuliformis
CXLUPL,Carex lupulina
CXLURI,Carex lurida
CXMEAD,Carex meadii
CXMERF,Carex merritt-fernaldii
CXMESO,Carex mesochorea
CXMITC,Carex mitchelliana
CXMOLE,Carex molesta
CXMOLS,Carex molestiformis
CXMUHL,Carex muehlenbergii
CXMUHL,Carex muhlenbergii
CXMUSK,Carex muskingumensis
CXNIGR,Carex nigromarginata
CXNORM,Carex normalis
CXOLIGC,Carex oligocarpa
CXOLIGS,Carex oligosperma
CXPALL,Carex pallescens
CXPECK,Carex peckii
CXPEDU,Carex pedunculata
CXPELL,Carex pellita
CXPENS,Carex pensylvanica
CXPLAN,Carex planispicata
CXPLNT,Carex plantaginea
CXPLAT,Carex platyphylla
CXPRAE,Carex praegracilis
CXPRAI,Carex prairea
CXPRAS,Carex prasina
CXPROJ,Carex projecta
CXPSEU,Carex pseudocyperus
CXPURP,Carex purpurifera
CXRADI,Carex radiata
CXRTRF,Carex retroflexa
CXRTRS,Carex retrorsa
CXREZN,Carex reznicekii
CXRICH,Carex richardsonii
CXROSE,Carex rosea
CXSART,Carex sartwellii
CXSCAB,Carex scabrata
CXSCOP,Carex scoparia
CXSEOR,Carex seorsa
CXSHOR,Carex shortiana
CXSICC,Carex siccata
CAREX,Carex sp.
CAREX,Carex sp2.
CAREX,Carex sp3.
CAREX,Carex sp4.
CAREX,Carex sp5.
CXSPAR,Carex sparganioides
CXSPIC,Carex spicata
CXSPRE,Carex sprengelii
CXSQUA,Carex squarrosa
CXSTER,Carex sterilis
CXSTIP,Carex stipata
CXSTRM,Carex straminea
CXSTRT,Carex striatula
CXSTRC,Carex stricta
CXSTYL,Carex styloflexa
CXSUBE,Carex suberecta
CXSWAN,Carex swanii
CXTENE,Carex tenera Dewey var. echinodes
CXTENE,Carex tenera var. echinodes
CXTENT,Carex tenera var. tenera
CXTENU,Carex tenuiflora
CXTETA,Carex tetanica
CXTEXE,Carex texensis
CXTIMI,Carex timida
CXTONS,Carex tonsa
CXTORT,Carex torta
CXTRIB,Carex tribuloides
CXTRIC,Carex trichocarpa
CXTRIS,Carex trisperma
CXTUCK,Carex tuckermanii
CXTYPH,Carex typhina
CXUMBE,Carex umbellata
CXUTRI,Carex utriculata
CXVESI,Carex vesicaria
CXVIRE,Carex virescens
CXVIRI,Carex viridula
CXVULP,Carex vulpinoidea
CXWILL,Carex willdenowii
CXWOOD,Carex woodii
CXSUBI,Carex X subimpressa
CRPCAR,Carpinus caroliniana
CARCAR,Carum carvi
CARCOR,Carya cordiformis
CARGLA,Carya glabra
CARILL,Carya illinoensis
CARLAC,Carya laciniosa
CAROVL,Carya ovalis
CAROVT,Carya ovata
CARYA,Carya sp.
CARTOM,Carya tomentosa
CASDEN,Castanea dentata
CASPUM,Castanea pumila
CASCOC,Castilleja coccinea
CATBIG,Catalpa bignoniodes
CATOVA,Catalpa ovata
CATALP,Catalpa sp.
CATSPE,Catalpa speciosa
CAUTHA,Caulophyllum thalictroides
CEAAME,Ceanothus americanus
CEAHER,Ceanothus herbaceus
CELORB,Celastrus orbiculatus
CELSCA,Celastrus scandens
CELAST,Celastrus sp.
CELARG,Celosia argentea
CELLAE,Celtis laevigata
CELOCC,Celtis occidentalis
CELTIS,Celtis sp.
CELTEN,Celtis tenuifolia
CENLON,Cenchrus longispinus
CENCYA,Centaurea cyanus
CENDUB,Centaurea dubia
CENJAC,Centaurea jacea
CENMAC,Centaurea maculosa
CENNIG,Centaurea nigra
CENREP,Centaurea repens
CENSCA,Centaurea scabiosa
CENSOL,Centaurea solstitialis
CENTAU,Centaurea sp.
CENERY,Centaurium erythraea
CENPUL,Centaurium pulchellum
CENMIN,Centunculus minimus
CEPOCC,Cephalanthus occidentalis
CERARV,Cerastium arvense
CERBRA,Cerastium brachypetalum
CERNUT,Cerastium nutans
CERPUM,Cerastium pumilum
CERSEM,Cerastium semidecandrum
CERAST,Cerastium sp.
CERTOM,Cerastium tomentosum
CERVIS,Cerastium viscosum
CERVUL,Cerastium vulgatum
CERDEM,Ceratophyllum demersum
CERECH,Ceratophyllum echinatum
CERATO,Ceratophyllum sp.
CERCAN,Cercis canadensis
CHALAG,Chaenomeles lagenaria
CHAMIN,Chaenorrhinum minus
CHAPRO,Chaerophyllum procumbens
CHAFAS,Chamaecrista fasciculata
CHANIC,Chamaecrista nictitans
CHAMAE,Chamaecrista sp.
CHACAL,Chamaedaphne calyculata
CHALUT,Chamaelirium luteum
CHALAT,Chasmanthium latifolium
CHEMAJ,Chelidonium majus
CHEGLA,Chelone glabra
CHEALB,Chenopodium album
CHEAMB,Chenopodium ambrosioides
CHEBER,Chenopodium berlandieri
CHEBOT,Chenopodium botrys
CHECAP,Chenopodium capitatum
CHEGLA,Chenopodium glaucum
CHEINC,Chenopodium incanum
CHELEP,Chenopodium leptophyllum
CHEMUR,Chenopodium murale
CHEPOL,Chenopodium polyspermum
CHENPRA,Chenopodium pratericola
CHEPUM,Chenopodium pumilio
CHESIM,Chenopodium simplex
CHENOP,Chenopodium sp.
CHESTA,Chenopodium standleyanum
CHEURB,Chenopodium urbicum
CHEVUL,Chenopodium vulvaria
CHIMAC,Chimaphila maculata
CHIMAP,Chimaphila sp.
CHIUMB,Chimaphila umbellata
CHIVIR,Chionanthus virginicus
CHLVIR,Chloris virgata
CHOTEN,Chorispora tenella
CHRBAL,Chrysanthemum balsamita
CHRLEU,Chrysanthemum leucanthemum
CHRMAX,Chrysanthemum maximum
CHRPAR,Chrysanthemum parthenium
CHRYSA,Chrysanthemum sp.
CHRVIR,Chrysogonum virginianum
CHRCAM,Chrysopsis camporum
CHRGRA,Chrysopsis graminifolia
CHRMAR,Chrysopsis mariana
CHRYSO,Chrysopsis sp.
CHRAME,Chrysosplenium americanum
CICINT,Cichorium intybus
CICBUL,Cicuta bulbifera
CICMAC,Cicuta maculata
CICUTA,Cicuta sp.
CIMRAC,Cimicifuga racemosa
CINARU,Cinna arundinacea
CINLAT,Cinna latifolia
CINNA,Cinna sp.
CIRALP,Circaea alpina
CIRLUT,Circaea lutetiana
CIRCAE,Circaea sp.
CIRALT,Cirsium altissimum
CIRARV,Cirsium arvense
CIRCAR,Cirsium carolinianum
CIRDIS,Cirsium discolor
CIRMUT,Cirsium muticum
CIRPLA,Cirsium plattense
CIRPUM,Cirsium pumilum
CIRSIU,Cirsium sp.
CIRVUL,Cirsium vulgare
CITLAN,Citrullus lanatus
CLAMAR,Cladium mariscoides
CLALUT,Cladrastis lutea
CLAPUL,Clarkia pulchella
CLACAR,Claytonia caroliniana
CLAYTO,Claytonia sp.
CALVIR,Claytonia virginica
CLEOCC,Clematis occidentalis
CLEMAT,Clematis sp.
CLETER,Clematis terniflora
CLEVER,Clematis verticillaris
CLEVIO,Clematis viorna
CLEVIR,Clematis virginiana
CLEHAS,Cleome hassleriana
CLESER,Cleome serrulata
CLIVUL,Clinopodium vulgare
CLIBOR,Clintonia borealis
CLINTO,Clintonia sp.
CLIUMB,Clintonia umbellulata
CLIMAR,Clitoria mariana
COEVIR,Coeloglossum viride (L.) Hartman var. virescens
COEVIR,Coeloglossum viride var. virescens
COLLON,Coleataenia longifolia
COLVER,Collinsia verna
COLCAN,Collinsonia canadensis
COLVER,Collinsonia verticillata
COLLIN,Collomia linearis
COMUMB,Comandra umbellata
COMCOM,Commelina communis
COMDIF,Commelina diffusa
COMMEL,Commelina sp.
COMVIR,Commelina virginica
COMPER,Comptonia peregrina
CONCHI,Conioselinum chinense
CONMACU,Conium maculatum
CONAME,Conopholis americana
CONORI,Conringia orientalis
CONMAJ,Convallaria majalis
CONARV,Convolvulus arvensis
CONCAN,Conyza canadensis
CONRAM,Conyza ramosissima
CONYZA,Conyza sp.
COPTRI,Coptis trifolia
CORMAC,Corallorhiza maculata
CORODO,Corallorhiza odontorhiza
CORALL,Corallorhiza sp.
CORTRI,Corallorhiza trifida
CORWIS,Corallorhiza wisteriana
CORGRA,Coreopsis grandiflora
CORLAN,Coreopsis lanceolata
CORMAJ,Coreopsis major
COREOP,Coreopsis sp.
CORTIN,Coreopsis tinctoria
CORTRP,Coreopsis tripteris
CORSAT,Coriandrum sativum
CORHYS,Corispermum hyssopfolium
CORHYS,Corispermum hyssopifolium
CORNIT,Corispermum nitidum
CORISP,Corispermum sp.
CORALT,Cornus alternifolia
CORAMO,Cornus amomum
CORCAN,Cornus canadensis
CORDRU,Cornus drummondii
CORFLO,Cornus florida
COROBL,Cornus obliqua
CORRAC,Cornus racemosa
CORRUG,Cornus rugosa
CORSER,Cornus sericea
CORNUS,Cornus sp.
CORVAR,Coronilla varia
CORDID,Coronopus didymus
CORAUR,Corydalis aurea
CORFLA,Corydalis flavula
CORSEM,Corydalis sempervirens
CORYDA,Corydalis sp.
CORAME,Corylus americana
CORCOR,Corylus cornuta
CORYLU,Corylus sp.
COSBIP,Cosmos bipinnatus
COTCOG,Cotinus coggygria
COTPYR,Cotoneaster pyracantha
CRABRA,Crataegus brainerdii
CRACAL,Crataegus calpodendron
CRACHR,Crataegus chrysocarpa
CRACOC,Crataegus coccinea
CRACRU,Crataegus crus-galli
CRAFLA,Crataegus flabellata
CRAINT,Crataegus intricata
CRAMOL,Crataegus mollis
CRAMON,Crataegus monogyna
CRAPHA,Crataegus phaenopyrum
CRAPRU,Crataegus pruinosa
CRAPUN,Crataegus punctata
CRATAE,Crataegus sp.
CRASUC,Crataegus succulenta
CRAUNI,Crataegus uniflora
CRECAP,Crepis capillaris
CREPUL,Crepis pulchra
CREPIS,Crepis sp.
CRETEC,Crepis tectorum
CROSAG,Crotalaria sagittalis
CROSAG,Crotolaria sagittalis
CROCAP,Croton capitatus
CROGLA,Croton glandulosus
CROMON,Croton monanthogynus
CROTON,Croton sp.
CROWIL,Croton willdenowii
CRYSCH,Crypsis schoenoides
CRYCAN,Cryptotaenia canadensis
CUCMEL,Cucumis melo
CUCFOE,Cucurbita foetidissima
CUCMAX,Cucurbita maxima
CUCPEP,Cucurbita pepo
CUNORI,Cunila origanoides
CUPVIS,Cuphea viscosissima
CUSCEP,Cuscuta cephalanthi
CUSCOM,Cuscuta compacta
CUSCOR,Cuscuta coryli
CUSCUS,Cuscuta cuspidata
CUSEPI,Cuscuta epilinum
CUSEPI,Cuscuta epithymum
CUSEPI,Cuscuta epthymum
CUSGLO,Cuscuta glomerata
CUSGRO,Cuscuta gronovii
CUSIND,Cuscuta indecora
CUSPEN,Cuscuta pentagona
CUSPOL,Cuscuta polygonorum
CUSCUT,Cuscuta sp.
CUSSUA,Cuscuta suaveloens
CUSSUA,Cuscuta suaveolens
CYCATR,Cycloloma atriplicifolium
CYMMUR,Cymbalaria murabilis
CYMMUR,Cymbalaria muralis
CYNDAC,Cynodon dactylon
CYNOFF,Cynoglossum officinale
CYNGLO,Cynoglossum sp.
CYNVIRB,Cynoglossum virginianum L. var. boreale
CYNVIRB,Cynoglossum virginianum var. boreale
CYNVIRV,Cynoglossum virginianum var. virginianum
CYNCRI,Cynosurus cristatus
CYNECH,Cynosurus echinatus
CYPACU,Cyperus acuminatus
CYPBIP,Cyperus bipartitus
CYPDIA,Cyperus diandrus
CYPERY,Cyperus erythrorhizos
CYPESC,Cyperus esculentus
CYPFLA,Cyperus flavescens
CYPLAN,Cyperus lancastriensis
CYPLUP,Cyperus lupulinus
CYPODO,Cyperus odoratus
CYPREF,Cyperus refractus
CYPRTF,Cyperus retrofractus
CYPSCH,Cyperus schweinitzii
CYPERU,Cyperus sp.
CYPSQU,Cyperus squarrosus
CYPSTR,Cyperus strigosus
CYPACA,Cypripedium acaule
CYPCAN,Cypripedium candidum
CYPPRPU,Cypripedium parviflorum Salisb. var. pubescens
CYPPRPA,Cypripedium parviflorum var. parviflorum
CYPPRPU,Cypripedium parviflorum var. pubescens
CYPREG,Cypripedium reginae
CYPRIP,Cypripedium sp.
CYSBUL,Cystopteris bulbifera
CYSFRA,Cystopteris fragilis
CYSPRO,Cystopteris protrusa
CYSTOP,Cystopteris sp.
CYSTNN,Cystopteris tennesseensis
CYSTEN,Cystopteris tenuis
DACGLO,Dactylis glomerata
DALLEP,Dalea leporina
DALPUR,Dalea purpurea
DALREP,Dalibarda repens
DANCOM,Danthonia compressa
DANTHO,Danthonia sp.
DANSPI,Danthonia spicata
DAPMEZ,Daphne mezereum
DASMAC,Dasistoma macrophylla
DATSTR,Datura stramonium
DATWRI,Datura wrightii
DAUCAR,Daucus carota
DECVER,Decodon verticillatus
DELAMB,Delphinium ambiguum
DELEXA,Delphinium exaltatum
DELPHI,Delphinium sp.
DELTRI,Delphinium tricorne
DENPUN,Dennstaedtia punctilobula
DESCES,Deschampsia cespitosa
DESFLE,Deschampsia flexuosa
DESCHA,Deschampsia sp.
DESPINB,Descurainia pinnata (Walt.) Britt. var. brachycarpa
DESPINB,Descurainia pinnata var. brachycarpa
DESPINP,Descurainia pinnata var. pinnata
DESSOP,Descurainia sophia
DESCUR,Descurainia sp.
DSMILL,Desmanthus illinoensis
DESCNA,Desmodium canadense
DESCNE,Desmodium canescens
DESCIL,Desmodium ciliare
DESCUS,Desmodium cuspidatum
DESGLA,Desmodium glabellum
DESGLU,Desmodium glutinosum
DESILL,Desmodium illinoense
DESLAE,Desmodium laevigatum
DESMAR,Desmodium marilandicum
DESNUD,Desmodium nudiflorum
DESOBT,Desmodium obtusum
DESPAN,Desmodium paniculatum
DESPAU,Desmodium pauciflorum
DESROT,Desmodium rotundifolium
DESSES,Desmodium sessilifolium
DESMOD,Desmodium sp.
DESVIR,Desmodium viridiflorum
DIAARM,Dianthus armeria
DIABAR,Dianthus barbatus
DIACAR,Dianthus caryophyllus
DIADEL,Dianthus deltoides
DIANTH,Dianthus sp.
DIAAME,Diarrhena americana
DIAOBO,Diarrhena obovata
DIARRH,Diarrhena sp.
DICCAN,Dicentra canadensis
DICCUC,Dicentra cucullaria
DICEXI,Dicentra eximia
DICENT,Dicentra sp.
DICBOR,Dichanthelium boreale
DICBOS,Dichanthelium boscii
DICCLA,Dichanthelium clandestinum
DICCOL,Dichanthelium columbianum
DICCOM,Dichanthelium commutatum
DICDEP,Dichanthelium depauperatum
DICDIC,Dichanthelium dichotomum
DICIMP,Dichanthelium implicatum
DICLAN,Dichanthelium lanuginosum
DICLAT,Dichanthelium latifolium
DICLAX,Dichanthelium laxiflorum
DICLEI,Dichanthelium leibergii
DICLIN,Dichanthelium lindheimeri
DICLINE,Dichanthelium linearifolium
DICMER,Dichanthelium meridionale
DICMIC,Dichanthelium microcarpon
DICOLI,Dichanthelium oligosanthes
DICPER,Dichanthelium perlongum
DICPOL,Dichanthelium polyanthes
DICPRA,Dichanthelium praecocius
DICSCO,Dichanthelium scoparium
DICHAN,Dichanthelium sp.
DICSPH,Dichanthelium sphaerocarpon
DICSPR,Dichanthelium spretum
DICVIL,Dichanthelium villosissimum
DICYAD,Dichanthelium yadkinense
DIELON,Diervilla lonicera
DIGGRA,Digitalis grandiflora
DIGLAN,Digitalis lanata
DIGLUT,Digitalis lutea
DIGPUR,Digitalis purpurea
DIGITI,Digitalis sp.
DIGFIL,Digitaria filiformis
DIGISC,Digitaria ischaemum
DIGSAN,Digitaria sanguinalis
DIGITA,Digitaria sp.
DIGLAN,Digitialis lanata
DIODIA,Diodia sp.
DIOTER,Diodia teres
DIOVIR,Diodia virginiana
DIOBAT,Dioscorea batatas
DIOQUA,Dioscorea quaternata
DIOSCO,Dioscorea sp.
DIOVIL,Dioscorea villosa
DSPVIR,Diospyros virginiana
DIPDIG,Diphasiastrum digitatum
DIPHAS,Diphasiastrum sp.
DIPTRI,Diphasiastrum tristachyum
DIPMUR,Diplotaxis muralis
DIPLOT,Diplotaxis sp.
DIPTEN,Diplotaxis tenuifolia
DIPSAT,Dipsacas sativus
DIPFUL,Dipsacus fullonum
DIPLAC,Dipsacus laciniatus
DIPSAT,Dipsacus sativus
DIPSAC,Dipsacus sp.
DIRPAL,Dirca palustris
DODMEA,Dodecatheon meadia
DOEINF,Doellingeria infirma
DOELLI,Doellingeria sp.
DOEUMB,Doellingeria umbellata
DOLLAB,Dolichos lablab
DRABRA,Draba brachycarpa
DRACUN,Draba cuneifolia
DRAREP,Draba reptans
DRABA,Draba sp.
DRAPAR,Dracocephalium parviflorum
DRAPAR,Dracocephalum parviflorum
DROINT,Drosera intermedia
DROROT,Drosera rotundifolia
DROSER,Drosera sp.
DRYCAR,Dryopteris carthusiana
DRYCEL,Dryopteris celsa
DRYCLI,Dryopteris clintoniana
DRYCRI,Dryopteris cristata
DRYFIL,Dryopteris filix-mas
DRYGOL,Dryopteris goldiana
DRYINT,Dryopteris intermedia
DRYMAR,Dryopteris marginalis
DRYOPT,Dryopteris sp.
DUCIND,Duchesnea indica
DULARU,Dulichium arundinaceum
DYSPAP,Dyssodia papposa
ECHPUR,Echinacea purpurea
ECHCRU,Echinochloa crus-galli
ECHMUR,Echinochloa muricata
ECHINO,Echinochloa sp.
ECHWAL,Echinochloa walteri
ECHLOB,Echinocystis lobata
ECHBER,Echinodorus berteroi
ECHVUL,Echium vulgare
ECLPRO,Eclipta prostrata
ELAANG,Elaeagnus angustifolia
ELAMUL,Elaeagnus multiflora
ELAEAG,Elaeagnus sp.
ELAUMB,Elaeagnus umbellata
ELATRI,Elatine triandra
ELEACI,Eleocharis acicularis
ELECOM,Eleocharis compressa
ELEELL,Eleocharis elliptica
ELEENG,Eleocharis engelmannii
ELEERY,Eleocharis erythropoda
ELEFLAO,Eleocharis flavescens (Poir.) Urban var. olivacea
ELEFLAO,Eleocharis flavescens var. olivacea
ELEGEN,Eleocharis geniculata
ELEINT,Eleocharis intermedia
ELEOBT,Eleocharis obtusa
ELEOVA,Eleocharis ovata
ELEPAL,Eleocharis palustris
ELEPAR,Eleocharis parvula
ELEQUA,Eleocharis quadrangulata
ELEQUI,Eleocharis quinqueflora
ELEROB,Eleocharis robbinsii
ELEROS,Eleocharis rostellata
ELEOCH,Eleocharis sp.
ELETENV,Eleocharis tenuis (Willd.) Schult. var. verrucosa
ELETENT,Eleocharis tenuis var. tenuis
ELETENV,Eleocharis tenuis var. verrucosa
ELEWOL,Eleocharis wolfii
ELPCAR,Elephantopus carolinianus
ELEIND,Eleusine indica
ELLNYC,Ellisia nyctelea
ELOCAN,Elodea canadensis
ELONUT,Elodea nuttallii
ELODEA,Elodea sp.
ELYCAN,Elymus canadensis
ELYHYS,Elymus hystrix
ELYMAC,Elymus macgregorii
ELYRIP,Elymus riparius
ELYMUS,Elymus sp.
ELYTRA,Elymus trachycaulus
ELYVIL,Elymus villosus
ELYVIR,Elymus virginicus
ELYREP,Elytrigia repens
ELYSMI,Elytrigia smithii
ELYTRI,Elytrigia sp.
EPIVIR,Epifagus virginiana
EPIREP,Epigaea repens
EPIANG,Epilobium angustifolium
EPICIL,Epilobium ciliatum
EPICOL,Epilobium coloratum
EPIHIR,Epilobium hirsutum
EPILEP,Epilobium leptophyllum
EPIPAR,Epilobium parviflorum
EPILOB,Epilobium sp.
EPISTR,Epilobium strictum
EPIHEL,Epipactis helleborine
EQUARV,Equisetum arvense
EQUFLU,Equisetum fluviatile
EQUHYE,Equisetum hyemale
EQULAE,Equisetum laevigatum
EQUISE,Equisetum sp.
EQUSYL,Equisetum sylvaticum
EQUVAR,Equisetum variegatum
ERACAP,Eragrostis capillaris
ERACIL,Eragrostis cilianensis
ERACUR,Eragrostis curvula
ERAFRA,Eragrostis frankii
ERAHYP,Eragrostis hypnoides
ERAMIN,Eragrostis minor
ERAPEC,Eragrostis pectinacea
ERAPIL,Eragrostis pilosa
ERIGRO,Eragrostis sp.
ERASPE,Eragrostis spectabilis
ERAHYE,Eranthis hyemalis
ERAHYE,Eranthus hyemalis
EREHIE,Erechtites hieracifolia
ERITET,Erica tetralix
ERIBUL,Erigenia bulbosa
ERIANN,Erigeron annuus
ERIPHI,Erigeron philadelphicus
ERIPUL,Erigeron pulchellus
ERIGER,Erigeron sp.
ERISTR,Erigeron strigosus
ERIAQU,Eriocaulon aquaticum
ERIOGR,Eriophorum gracile
ERIOPH,Eriophorum sp.
ERIVRG,Eriophorum virginicum
ERIVRD,Eriophorum viridicarinatum
EROCIC,Erodium cicutarium
EROVER,Erophila verna
ERUGAL,Erucastrum gallicum
ERYYUC,Eryngium yuccifolium
ERYASPA,Erysimum aspera var. aspera
ERYCAP,Erysimum capitatum
ERYCHE,Erysimum cheiranthoides
ERYINC,Erysimum inconspicuum
ERYREP,Erysimum repandum
ERYSIM,Erysimum sp.
ERYALB,Erythronium albidum
ERYAME,Erythronium americanum
ERYROS,Erythronium rostratum
ERYTHR,Erythronium sp.
ESCCAL,Eschscholzia californica
EUOALA,Euonymus alatus
EUOAME,Euonymus americanus
EUOATR,Euonymus atropurpureus
EUOEUR,Euonymus europaeus
EUOFOR,Euonymus fortunei
EUOOBO,Euonymus obovatus
EUONYM,Euonymus sp.
EUPALB,Eupatorium album
EUPALT,Eupatorium altissimum
EUPARO,Eupatorium aromaticum
EUPCOE,Eupatorium coelestinum
EUPFIS,Eupatorium fistulosum
EUPGOD,Eupatorium godfreyanum
EUPHYS,Eupatorium hyssopifolium
EUPINC,Eupatorium incarnatum
EUPMAC,Eupatorium maculatum
EUPPER,Eupatorium perfoliatum
EUPPUR,Eupatorium purpureum
EUPROT,Eupatorium rotundifolium
EUPRUG,Eupatorium rugosum
EUPSER,Eupatorium serotinum
EUPSES,Eupatorium sessilifolium
EUPTOR,Eupatorium sp.
EUPHCM,Euphorbia commutata
EUPHCO,Euphorbia corollata
EUPCYA,Euphorbia cyathophora
EUPHCY,Euphorbia cyparissias
EUPHDE,Euphorbia dentata
EUPHES,Euphorbia esula
EUPFAL,Euphorbia falcata
EUPHEL,Euphorbia helioscopia
EUPHHU,Euphorbia humistrata
EUPHMA,Euphorbia maculata
EUPHMR,Euphorbia marginata
EUPHNU,Euphorbia nutans
EUPHOB,Euphorbia obtusata
EUPHPE,Euphorbia peplus
EUPHPL,Euphorbia platyphyllos
EUPHPO,Euphorbia polygonifolia
EUPPRO,Euphorbia prostrata
EUPHPU,Euphorbia purpurea
EUPHSE,Euphorbia serpens
EUPHOR,Euphorbia sp.
EUPHVE,Euphorbia vermiculata
EURDIV,Eurybia divaricata
EURMAC,Eurybia macrophylla
EURSCH,Eurybia schreberi
EURYBI,Eurybia sp.
EUBSUR,Eurybia surculosa
EUTGRA,Euthamia graminifolia
EUTREM,Euthamia remota
EUTHAM,Euthamia sp.
FAGESC,Fagopyrum esculentum
FAGGRA,Fagus grandifolia
FALCLI,Fallopia cilinodis
FALCON,Fallopia convolvulus
FALJAP,Fallopia japonica
FALSAC,Fallopia sachalinensis
FALSCA,Fallopia scandens
FALLOP,Fallopia sp.
FESELA,Festuca elatior
FESOVI,Festuca ovina
FESPRA,Festuca pratensis
FESRUB,Festuca rubra
FESTUC,Festuca sp.
FESSUB,Festuca subverticillata
FILGER,Filago germanica
FILRUB,Filipendula rubra
FILIPE,Filipendula sp.
FILULM,Filipendula ulmaria
FIMAUT,Fimbristylis autumnalis
FLOPRO,Floerkea proserpinacoides
FOEVUL,Foeniculum vulgare
FORINT,Forsythia x intermedia
FRACHI,Fragaria chiloensis
FRAGAR,Fragaria sp.
FRAVESA,Fragaria vesca L. var. americana
FRAVESV,Fragaria vesca var. vesca
FRAVIR,Fragaria virginiana
FRACAR,Frasera caroliniensis
FRAAME,Fraxinus americana
FRANIG,Fraxinus nigra
FRAPEN,Fraxinus pennsylvanica
FRAPRO,Fraxinus profunda
FRAQUA,Fraxinus quadrangulata
FRAXIN,Fraxinus sp.
FROFLO,Froelichia floridana
FROGRA,Froelichia gracilis
FROELI,Froelichia sp.
FUMOFF,Fumaria officinalis
GAIPUL,Gaillardia pulchella
GALVOL,Galactia volubilis
GALNIV,Galanthus nivalis
GALURC,Galax urceolata
GALLAD,Galeopsis ladanum
GALEOP,Galeopsis sp.
GALTET,Galeopsis tetrahit
GALPED,Galim pedemontanum
GALPAR,Galinsoga parviflora
GALQUA,Galinsoga quadriradiata
GALINS,Galinsoga sp.
GALAPA,Galium aparine
GALASP,Galium asprellum
GALBOR,Galium boreale
GALCIR,Galium circaezans
GALCON,Galium concinnum
GALLAB,Galium labradoricum
GALLAN,Galium lanceolatum
GALMOL,Galium molluga
GALMOL,Galium mollugo
GALOBT,Galium obtusum
GALODO,Galium odoratum
GALPAL,Galium palustre
GALPED,Galium pedemontanum
GALPIL,Galium pilosum
GALIUM,Galium sp.
GALTIN,Galium tinctorium
GALTFI,Galium trifidum
GALTFL,Galium triflorum
GALVER,Galium verum
GAUHIS,Gaultheria hispidula
GAUPRO,Gaultheria procumbens
GAULTH,Gaultheria sp.
GAUBIE,Gaura biennis
GAULON,Gaura longiflora
GAUPAR,Gaura parviflora
GAYBAC,Gaylussacia baccata
GENTIN,Genista tinctoria
GENAND,Gentiana andrewsii
GENCLA,Gentiana clausa
GENFLA,Gentiana flavida
GENPUB,Gentiana puberulenta
GENSAP,Gentiana saponaria
GENTIA,Gentiana sp.
GENVIL,Gentiana villosa
GENQUI,Gentianella quinquefolia
GENCRI,Gentianopsis crinita
GENPRO,Gentianopsis procera
GENTIO,Gentianopsis sp.
GERBIC,Geranium bicknellii
GERCAR,Geranium carolinianum
GERCOL,Geranium columbinum
GERDIS,Geranium dissectum
GERMAC,Geranium maculatum
GERMOL,Geranium molle
GERPUS,Geranium pusillum
GERROB,Geranium robertianum
GERSAN,Geranium sanguineum
GERANI,Geranium sp.
GERPUS,Gernaium pusillum
GERSAN,Gernaium sanguineum
GEUALE,Geum aleppicum
GEUCAN,Geum canadense
GEULAC,Geum laciniatum
GEURIV,Geum rivale
GEUM,Geum sp.
GEUVER,Geum vernum
GEUVIR,Geum virginianum
GILCAP,Gilia capitata
GILRUB,Gilia rubra
GLEHED,Glechoma hederacea
GLETRI,Gleditsia triacanthos
GLYACU,Glyceria acutiflora
GLYBOR,Glyceria borealis
GLYCAN,Glyceria canadensis
GLYGRA,Glyceria grandis
GLYMEL,Glyceria melicaria
GLYSEP,Glyceria septentrionalis
GLYCER,Glyceria sp.
GLYSTR,Glyceria striata
GLYMAX,Glycine max
GNAMAC,Gnaphalium macounii
GNAOBT,Gnaphalium obtusifolium
GNAPUR,Gnaphalium purpureum
GNAPHA,Gnaphalium sp.
GNAULI,Gnaphalium uliginosum
GNAPHA,Gnaphallium sp.
GOMGLO,Gomphrena globosa
GOOPUB,Goodyera pubescens
GOODYE,Goodyera sp.
GOOTES,Goodyera tesselata
GRANEG,Gratiola neglecta
GRATIO,Gratiola sp.
GRAVIR,Gratiola virginiana
GRAVIS,Gratiola viscidula
GRILAN,Grindelia lanceolata
GRINDE,Grindelia sp.
GRISQU,Grindelia squarrosa
GYMAPP,Gymnocarpium appalachianum
GYMDRY,Gymnocarpium dryopteris
GYMNOC,Gymnocarpium sp.
GYMDIO,Gymnocladus dioicus
GYMAMB,Gymnopogon ambiguus
GYPMUR,Gypsophila muralis
GYPPAN,Gypsophila paniculata
GYPSCO,Gypsophila scorzonerifolia
HACDEF,Hackelia deflexa
HACKEL,Hackelia sp.
HACVIR,Hackelia virginiana
HALCAR,Halesia carolina
HAMVIR,Hamamelis virginiana
HEDHIS,Hedeoma hispida
HEDPUL,Hedeoma pulegioides
HEDEOM,Hedeoma sp.
HEDHEL,Hedera helix
HEDCAE,Hedyotis caerulea
HEDCAN,Hedyotis canadensis
HEDLON,Hedyotis longifolia
HEDNIG,Hedyotis nigricans
HEDPUR,Hedyotis purpurea
HEDYOT,Hedyotis sp.
HELAMA,Helenium amarum
HELAUT,Helenium autumnale
HELFLE,Helenium flexuosum
HELENI,Helenium sp.
HELBIC,Helianthemum bicknellii
HELCAN,Helianthemum canadense
HELANT,Helianthemum sp.
HELANG,Helianthus angustifolius
HELANN,Helianthus annuus
HELDEC,Helianthus decapetalus
HELDIV,Helianthus divaricatus
HELGIG,Helianthus giganteus
HELGRO,Helianthus grosseserratus
HELHIR,Helianthus hirsutus
HELMAX,Helianthus maximiliani
HELMIC,Helianthus microcephalus
HELMOL,Helianthus mollis
HELOCC,Helianthus occidentalis
HELPET,Helianthus petiolaris
HELIAN,Helianthus sp.
HELSTR,Helianthus strumosus
HELTUB,Helianthus tuberosus
HELHEL,Heliopsis helianthoides
HELEUR,Heliotropium europaeum
HELIND,Heliotropium indicum
HELVIR,Helleborus viridis
HEMFUL,Hemerocallis fulva
HEMLIL,Hemerocallis lilioasphodelus
HEPACU,Hepatica acutiloba
HEPAME,Hepatica americana
HEPATI,Hepatica sp.
HERLAN,Heracleum lanatum
HERMAN,Heracleum mantegazzianum
HESMAT,Hesperis matronalis
HETREN,Heteranthera reniformis
HEUAME,Heuchera americana
HEULON,Heuchera longiflora
HEUPAR,Heuchera parviflora
HEUCHE,Heuchera sp.
HEUVIL,Heuchera villosa
HEXSPI,Hexalectris spicata
HIBLAE,Hibiscus laevis
HIBMOS,Hibiscus moscheutos
HIBISC,Hibiscus sp.
HIBSYR,Hibiscus syriacus
HIBTRI,Hibiscus trionum
HIEAUR,Hieracium aurantiacum
HIEAUR,Hieracium aurianticum
HIECAE,Hieracium caespitosum
HIEFLO,Hieracium floribundum
HIEGRO,Hieracium gronovii
HIEKALF,Hieracium kalmii L. var. fasciculatum
HIELON,Hieracium longipilum
HIEPAN,Hieracium paniculatum
HIEPLSA,Hieracium pilosella
HIEPLOI,Hieracium piloselloides
HIESCA,Hieracium scabrum
HIERAC,Hieracium sp.
HIEKALF,Hieracium umbellatum
HIEVEN,Hieracium venosum
HIEODO,Hierochloe odorata
HOLLAN,Holcus lanatus
HOLUMB,Holosteum umbellatum
HORPUS,Hordeam pusillum
HORDEU,Hordeam sp.
HORVUL,Hordeaum vulgare
HORJUB,Hordeum jubatum
HORPUS,Hordeum pusillum
HORDEU,Hordeum sp.
HORVUL,Hordeum vulgare
HOSLAN,Hosta lancifolia
HOSVEN,Hosta ventricosa
HOTINF,Hottonia inflata
HUDTOM,Hudsonia tomentosa
HUMJAP,Humulus japonicus
HUMLUP,Humulus lupulus
HUMULU,Humulus sp.
HUPAPP,Huperzia appalachiana
HUPLUC,Huperzia lucidula
HUPPOR,Huperzia porophila
HUPERZ,Huperzia sp.
HYBCON,Hybanthus concolor
HYDARB,Hydrangea arborescens
HDRCAN,Hydrastis canadensis
HYDMOR,Hydrocharis morsus-ranae
HYDAME,Hydrocotyle americana
HYDRAN,Hydrocotyle ranunculoides
HYDSIB,Hydrocotyle sibthorpioides
HYDROC,Hydrocotyle sp.
HYDUMB,Hydrocotyle umbellata
HYDAPP,Hydrophyllum appendiculatum
HYDCAN,Hydrophyllum canadense
HYDMAC,Hydrophyllum macrophyllum
HYDROP,Hydrophyllum sp.
HYDVIR,Hydrophyllum virginianum
HYMHER,Hymenoxys herbacea
HYPBOR,Hypericum boreale
HYPCAN,Hypericum canadense
HYPDEN,Hypericum denticulatum
HYPDRU,Hypericum drummondii
HYPELL,Hypericum ellipticum
HYPGEN,Hypericum gentianoides
HYPGYM,Hypericum gymnanthum
HYPHYP,Hypericum hypericoides
HYPKAL,Hypericum kalmianum
HYPMAJ,Hypericum majus
HYPMUT,Hypericum mutilum
HYPPER,Hypericum perforatum
HYPPRO,Hypericum prolificum
HYPPUN,Hypericum punctatum
HYPPYR,Hypericum pyramidatum
HYPERI,Hypericum sp.
HYPSPH,Hypericum sphaerocarpum
HYPRAD,Hypochaeris radicata
HYPRAD,Hypochoeris radicata
HYPHIR,Hypoxis hirsuta
IBEUMB,Iberis umbellata
ILEOPA,Ilex opaca
ILEVER,Ilex verticillata
IMPBAL,Impatiens balsamina
IMPCAP,Impatiens capensis
IMPPAL,Impatiens pallida
IMPATI,Impatiens sp.
INUHEL,Inula helenium
IODPIN,Iodanthus pinnatifidus
IONLIN,Ionactis linariifolius
IONACT,Ionactis sp.
IPOCOC,Ipomoea coccinea
IPOHED,Ipomoea hederacea
IPOLAC,Ipomoea lacunosa
IPOPAN,Ipomoea pandurata
IPOPUR,Ipomoea purpurea
IPOMOE,Ipomoea sp.
IRIBRE,Iris brevicaulis
IRICRI,Iris cristata
IRIGER,Iris germanica
IRIPSE,Iris pseudacorus
IRIS,Iris sp.
IRIVERN,Iris verna
IRIVERS,Iris versicolor
IRIVIR,Iris virginica
ISABRA,Isanthus brachiatus
ISOECH,Isoetes echinospora
ISOENG,Isoetes engelmannii
ISOETE,Isoetes sp.
ISOBIT,Isopyrum biternatum
ISOMED,Isotria medeoloides
ISOTRI,Isotria sp.
ISOVER,Isotria verticillata
IVAANN,Iva annua
IVAXAN,Iva xanthifolia
JACTAM,Jacquemontia tamnifolia
JEFDIP,Jeffersonia diphylla
JUGCIN,Juglans cinerea
JUGNIG,Juglans nigra
JUGLAN,Juglans sp.
JUNACU,Juncus acuminatus
JUNALP,Juncus alpinus
JUNANT,Juncus anthelatus
JUNART,Juncus articulatus
JUNARC,Juncus balticus
JUNBRCR,Juncus brachycarpus
JUNBRCP,Juncus brachycephalus
JUNBUF,Juncus bufonius
JUNCAN,Juncus canadensis
JUNDIC,Juncus dichotomous
JUNDIF,Juncus diffusissimus
JUNDUD,Juncus dudleyi
JUNEFF,Juncus effusus
JUNGER,Juncus gerardii
JUNGRE,Juncus greenei
JUNINT,Juncus interior
JUNMAR,Juncus marginatus
JUNNOD,Juncus nodosus
JUNSEC,Juncus secundus
JUNCUS,Juncus sp.
JUNCUS,Juncus sp. 2
JUNCUS,Juncus sp. 3
JUNSUB,Juncus subcaudatus
JUNTEN,Juncus tenuis
JUNTOR,Juncus torreyi
JUNVAL,Juncus validus
JUNCOM,Juniperus communis
JUNIPE,Juniperus sp.
JUNVIR,Juniperus virginiana
JUSAME,Justicia americana
KALLAT,Kalmia latifolia
KERJAP,Kerria japonica
KICELA,Kickxia elatine
KICSPU,Kickxia spuria
KOCSCO,Kochia scoparia
KOEPYR,Koeleria pyramidata
KOEPAN,Koelreuteria paniculata
KRIBIF,Krigia biflora
KRIDAN,Krigia dandelion
KRIGIA,Krigia sp.
KRIVIR,Krigia virginica
KUHEUP,Kuhnia eupatorioides
KILGRA,Kyllinga gracillima
KYLPUM,Kyllinga pumila
KYLLIN,Kyllinga sp.
LACBIE,Lactuca biennis
LACCAN,Lactuca canadensis
LACFLO,Lactuca floridana
LACHIR,Lactuca hirsuta
LACPUL,Lactuca pulchella
LACSAL,Lactuca saligna
LACSER,Lactuca serriola
LACTUC,Lactuca sp.
LAMAMP,Lamium amplexicaule
LAMMAC,Lamium maculatum
LAMPUR,Lamium purpuream
LAMPUR,Lamium purpureum
LAMIUM,Lamium sp.
LAPCAN,Laportea canadensis
LAPSQU,Lappula squarrosa
LAPCOM,Lapsana communis
LARLAR,Larix laricina
LATLAT,Lathyrus latifolius
LATMAR,Lathyrus maritimus
LATOCH,Lathyrus ochroleucus
LATODO,Lathyrus odoratus
LATPAL,Lathyrus palustris
LATPRA,Lathyrus pratensis
LATHYR,Lathyrus sp.
LATTUB,Lathyrus tuberosus
LATVEN,Lathyrus venosus
LEAUNI,Leavenworthia uniflora
LECINT,Lechea intermedia
LECMIN,Lechea minor
LECMUC,Lechea mucronata
LECPUL,Lechea pulchella
LECRAC,Lechea racemulosa
LECHEA,Lechea sp.
LECTEN,Lechea tenuifolia
LEDGRO,Ledum groenlandicum
LEELEN,Leersia lenticularis
LEEORY,Leersia oryzoides
LEERSI,Leersia sp.
LEEVIR,Leersia virginica
LEMMIN,Lemna minor
LEMNA,Lemna sp.
LEMTRI,Lemna trisulca
LEMVAL,Lemna valdiviana
LEOAUT,Leontodon autumnalis
LEOHIS,Leontodon hispidus
LEONTO,Leontodon sp.
LEOTAR,Leontodon taraxacoides
LEOCAR,Leonurus cardiaca
LEOMAR,Leonurus marrubiastrum
LEONUR,Leonurus sp.
LEPCAM,Lepidium campestre
LEPDEN,Lepidium densiflorum
LEPPER,Lepidium perfoliatum
LEPRUD,Lepidium ruderale
LEPSAT,Lepidium sativum
LEPIDI,Lepidium sp.
LEPVIR,Lepidium virginicum
LEPFAS,Leptochloa fascicularis
LEPFIL,Leptochloa filiformis
LEPCOG,Leptoloma cognatum
LESBIC,Lespedeza bicolor
LESCAP,Lespedeza capitata
LESCUN,Lespedeza cuneata
LESFOR,Lespedeza formosa
LESHIR,Lespedeza hirta
LESINT,Lespedeza intermedia
LESPRO,Lespedeza procumbens
LESREP,Lespedeza repens
LESPED,Lespedeza sp.
LESSTI,Lespedeza stipulacea
LESSTR,Lespedeza striata
LESTHU,Lespedeza thunbergii
LESVIO,Lespedeza violacea
LESVIR,Lespedeza virginica
LEUAES,Leucojum aestivum
LEUMUL,Leucospora multifida
LEVOFF,Levisticum officinale
LIAASP,Liatris aspera
LIACYL,Liatris cylindracea
LIAPUN,Liatris punctata
LIAPYC,Liatris pycnostachya
LIASCA,Liatris scariosa
LIATRIS,Liatris sp.
LIASPI,Liatris spicata
LIASQU,Liatris squarrosa
LIGCAN,Ligusticum canadense
LIGOBT,Ligustrum obtusifolium
LIGOVA,Ligustrum ovalifolium
LIGUST,Ligustrum sp.
LIGVUL,Ligustrum vulgare
LILCAN,Lilium canadense
LILMIC,Lilium michiganense
LILPHI,Lilium philadelphicum
LILIUM,Lilium sp.
LILSUP,Lilium superbum
LINCAN,Linaria canadensis
LINDAL,Linaria dalmatica
LINGEN,Linaria genistifolia
LINARI,Linaria sp.
LINVUL,Linaria vulgaris
LINBEN,Lindera benzoin
LINDUB,Lindernia dubia
LINBOR,Linnaea borealis
LINGRA,Linum grandiflorum
LINMED,Linum medium
LINPER,Linum perenne
LINUM,Linum sp.
LINSTR,Linum striatum
LINSUL,Linum sulcatum
LINUSI,Linum usitatissimum
LINVIR,Linum virginianum
LIPLIL,Liparis lilifolia
LIPLOE,Liparis loeselii
LIPARI,Liparis sp.
LIPDRU,Lipocarpha drummondii
LIPMIC,Lipocarpha micrantha
LIPOCA,Lipocarpha sp.
LIQSTY,Liquidambar styraciflua
LIRTUL,Liriodendron tulipifera
LISCOR,Listera cordata
LITARV,Lithospermum arvense
LITCAN,Lithospermum canescens
LITCAR,Lithospermum caroliniense
LITLAT,Lithospermum latifolium
LITOFF,Lithospermum officinale
LITHOS,Lithospermum sp.
LOBCAR,Lobelia cardinalis
LOBINF,Lobelia inflata
LOBKAL,Lobelia kalmii
LOBPUB,Lobelia puberula
LOBSIP,Lobelia siphilitica
LOBELI,Lobelia sp.
LOBSPI,Lobelia spicata
LOBMAR,Lobularia maritima
LOLMUL,Lolium multiflorum
LOLPER,Lolium perenne
LOLTEM,Lolium temulentum
LONCAN,Lonicera canadensis
LONDIO,Lonicera dioica
LONFLA,Lonicera flava
LONFRA,Lonicera fragrantissima
LONJAP,Lonicera japonica
LONMAA,Lonicera maackii
LONMOR,Lonicera morrowii
LONOBL,Lonicera oblongifolia
LONRET,Lonicera reticulata
LONSEM,Lonicera sempervirens
LONICE,Lonicera sp.
LONTAT,Lonicera tatarica
LONVIL,Lonicera villosa
LONXYL,Lonicera xylosteum
LOTCOR,Lotus corniculatus
LUDALT,Ludwigia alternifolia
LUDDEC,Ludwigia decurrens
LUDLEP,Ludwigia leptocarpa
LUDPAL,Ludwigia palustris
LUDPEP,Ludwigia peploides
LUDPOL,Ludwigia polycarpa
LUDWIG,Ludwigia sp.
LUNANN,Lunaria annua
LUNANN,Lunaria annual
LUNRED,Lunaria rediviva
LUPPER,Lupinus perennis
LUZACU,Luzula acuminata
LUZBUL,Luzula bulbosa
LUZECH,Luzula echinata
LUZMUL,Luzula multiflora
LUZULA,Luzula sp.
LYCCOR,Lychnis coronaria
LYCFLO,Lychnis flos-cuculi
LYCVIS,Lychnis viscaria
LYCBAR,Lycium barbarum
LYCESC,Lycopersicon esculentum
LYCAPP,Lycopodiella appressa
LYCINU,Lycopodiella inundata
LYCMAR,Lycopodiella margueritae
LYCOPD,Lycopodiella sp.
LYCSUB,Lycopodiella subappressa
LYCSUB,Lycopodiella subapressa
LYCCLA,Lycopodium clavatum
LYCDEN,Lycopodium dendroideum
LYCHIC,Lycopodium hickeyi
LYCLAG,Lycopodium lagopus
LYCOBS,Lycopodium obscurum
LYCOPO,Lycopodium sp.
LYCAME,Lycopus americanus
LYCASP,Lycopus asper
LYCEUR,Lycopus europaeus
LYCRUB,Lycopus rubellus
LYCOPU,Lycopus sp.
LYCUNI,Lycopus uniflorus
LYCVIR,Lycopus virginicus
LICSQU,Lycoris squamigera
LYGPAL,Lygodium palmatum
LYOLIG,Lyonia ligustrina
LYSCIL,Lysimachia ciliata
LYSLAN,Lysimachia lanceolata
LYSNUM,Lysimachia nummularia
LYSPUN,Lysimachia punctata
LYSQFL,Lysimachia quadriflora
LYSQFO,Lysimachia quadrifolia
LYSIMA,Lysimachia sp.
LYSTER,Lysimachia terrestris
LYSTHY,Lysimachia thyrsiflora
LYSVUL,Lysimachia vulgaris
LYTALA,Lythrum alatum
LYTHYS,Lythrum hyssopifolium
LYTSAL,Lythrum salicaria
LYTHRUM,Lythrum sp.
MACCOR,Macleaya cordata
MACPOM,Maclura pomifera
MAGACU,Magnolia acuminata
MAGMAC,Magnolia macrophylla
MAGNOL,Magnolia sp.
MAGTRI,Magnolia tripetala
MAICAN,Maianthemum canadense
MAIRAC,Maianthemum racemosum
MAIANT,Maianthemum sp.
MAISTE,Maianthemum stellatum
MAITRI,Maianthemum trifolium
MALBAY,Malaxis bayardii
MALAXI,Malaxis sp.
MALUNI,Malaxis unifolia
MALBAC,Malus baccata
MALTOR,Malus toringo
MALALC,Malva alcea
MALMOS,Malva moschata
MALNEG,Malva neglecta
MALROT,Malva rotundifolia
MALVA,Malva sp.
MALSYL,Malva sylvestris
MALVER,Malva verticillata
MANVIR,Manfreda virginica
MARVUL,Marrubium vulgare
MARQUA,Marsilea quadifolia
MARQUA,Marsilea quadrifolia
MATOBL,Matelea obliqua
MATMAR,Matricaria maritima
MATMAT,Matricaria matricarioides
MATREC,Matricaria recutita
MATRIC,Matricaria sp.
MATSTR,Matteuccia struthiopteris
MAZPUM,Mazus pumilus
MEDVIR,Medeola virginiana
MEDLUP,Medicago lupulina
MEDSAT,Medicago sativa
MEDICA,Medicago sp.
MEECOR,Meehania cordata
MELLIN,Melampyrum lineare
MELVIR,Melanthium virginicum
MELWOO,Melanthium woodii
MELNIT,Melica nitens
MELALB,Melilotus alba
MELALT,Melilotus altissima
MELOFF,Melilotus officinalis
MELILO,Melilotus sp.
MLIOFF,Melissa officinalis
MENCAN,Menispermum canadense
MENARV,Mentha arvensis
MENLON,Mentha longifolia
MENTHA,Mentha sp.
MENSPI,Mentha spicata
MENPIP,Mentha x piperata
MENTRI,Menyanthes trifoliata
MERANN,Mercurialis annua
MERVIR,Mertensia virginica
METGLY,Metasequoia glyptostroboides
MICVIM,Microstegium vimineum
MIKSCA,Mikania scandens
MILEFF,Milium effusum
MIMALA,Mimulus alatus
MIMRIN,Mimulus ringens
MIMULU,Mimulus sp.
MIRALB,Mirabilis albida
MIRHIR,Mirabilis hirsuta
MIRJAL,Mirabilis jalapa
MIRNYC,Mirabilis nyctaginea
MIRABI,Mirabilis sp.
MISSIN,Miscanthus sinensis
MITREP,Mitchella repens
MITDIP,Mitella diphylla
MOETRI,Moehringia trinervia
MOLVER,Mollugo verticillata
MONCLI,Monarda clinopodia
MONDID,Monarda didyma
MONFIS,Monarda fistulosa
MONPUN,Monarda punctata
MONARD,Monarda sp.
MONUNI,Moneses uniflora
MONNUT,Monolepis nuttalliana
MONHYP,Monotropa hypopithys
MONOTR,Monotropa sp.
MNTUNI,Monotropa uniflora
MORALB,Morus alba
MORRUB,Morus rubra
MOSS,Moss sp.
MOSS,Moss sp. 2
MUHASP,Muhlenbergia asperifolia
MUHCAP,Muhlenbergia capillaris
MUHCUS,Muhlenbergia cuspidata
MUHFRO,Muhlenbergia frondosa
MUHGLA,Muhlenbergia glabrifloris
MUHGLO,Muhlenbergia glomerata
MUHMEX,Muhlenbergia mexicana
MUHSCH,Muhlenbergia schreberi
MUHSOB,Muhlenbergia sobolifera
MUHLEN,Muhlenbergia sp.
MUHSYL,Muhlenbergia sylvatica
MUHTEN,Muhlenbergia tenuiflora
MUSBOT,Muscari botryoides
MYOARV,Myosotis arvensis
MYODIS,Myosotis discolor
MYOLAX,Myosotis laxa
MYOMAC,Myosotis macrosperma
MYOMIC,Myosotis micrantha
MYOSCO,Myosotis scorpioides
MYOSOT,Myosotis sp.
MYOSYL,Myosotis sylvatica
MYOVER,Myosotis verna
MYOMIN,Myosurus minimus
MYRPEN,Myrica pensylvanica
MYRAQU,Myriophyllum aquaticum
MYRHET,Myriophyllum heterophyllum
MYRHUM,Myriophyllum humile
MYRPIN,Myriophyllum pinnatum
MYRSIB,Myriophyllum sibiricum
MYRIOP,Myriophyllum sp.
MYRSPI,Myriophyllum spicatum
MYRVER,Myriophyllum verticillatum
MYOMIC,Mysotis micrantha
MYOSCO,Mysotis scorpioides
NAJFLE,Najas flexilis
NAJGRA,Najas gracillima
NAJGUA,Najas guadalupensis
NAJMARA,Najas marina
NAJMARA,Najas marina A
NAJMARN,Najas marina N
NAJMIN,Najas minor
NAJAS,Najas sp.
NAPDIO,Napaea dioica
NARPOE,Narcissus poeticus
NARPSE,Narcissus pseudonarcissus
NARCIS,Narcissus sp.
NAVINT,Navarretia intertexta
NELLUT,Nelumbo lutea
NELNUC,Nelumbo nucifera
NEMMUC,Nemopanthus mucronatus
NEPCAT,Nepeta cataria
NESPAN,Neslia paniculata
NICPHY,Nicandra physalodes
NICALA,Nicotiana alata
NICTAB,Nicotiana tabacum
NIGDAM,Nigella damascena
NOTBIV,Nothoscordum bivalve
NUPADV,Nuphar advena
NUPHAR,Nuphar sp.
NUPVAR,Nuphar variegata
NYMODO,Nymphaea odorata
NYMPEL,Nymphoides peltata
NYMPEL,Nympoides peltata
NYSSYL,Nyssa sylvatica
OBOVIR,Obolaria virginica
OCLACU,Oclemena acuminata
OCLEME,Oclemena sp.
OENAQU,Oenanthe aquatica
OENBIE,Oenothera biennis
OENCLE,Oenothera clelandii
OENFRU,Oenothera fruticosa
OENLAC,Oenothera laciniata
OENOAK,Oenothera oakesiana
OENPAR,Oenothera parviflora
OENPER,Oenothera perennis
OENPIL,Oenothera pilosella
OENOTH,Oenothera sp.
OENSPE,Oenothera speciosa
OENTET,Oenothera tetragona
OENTRI,Oenothera triloba
ONOSEN,Onoclea sensibilis
ONOACA,Onopordium acanthium
ONOMOL,Onosmodium molle
OPHENG,Ophioglossum engelmannii
OPHPUS,Ophioglossum pusillum
OPHIOG,Ophioglossum sp.
OPHVUL,Ophioglossum vulgatum
OPUHUM,Opuntia humifusa
OPUMAC,Opuntia macrorhiza
ORBONO,Orbexilum onobrychis
ORBPED,Orbexilum pedunculatum
ORBEXI,Orbexilum sp.
ORCSPE,Orchis spectabilis
ORIVUL,Origanum vulgare
ORNUMB,Ornithogalum umbellatum
OROLUD,Orobanche ludoviciana
ORORIP,Orobanche riparia
OROBAN,Orobanche sp.
OROUNI,Orobanche uniflora
ORYASP,Oryzopsis asperifolia
ORYRAC,Oryzopsis racemosa
ORYZOP,Oryzopsis sp.
OSMOCL,Osmorhiza claytonii
OSMOLO,Osmorhiza longistylis
OSMORH,Osmorhiza sp.
OSMCIN,Osmunda cinnamomea
OSMCLA,Osmunda claytoniana
OSMREG,Osmunda regalis
OSTVIR,Ostrya virginiana
OXAACE,Oxalis acetosella
OXACOR,Oxalis corniculata
OXADIL,Oxalis dillenii
OXAGRA,Oxalis grandis
OXALIS,Oxalis sp.
OXASTR,Oxalis stricta
OXAVIO,Oxalis violacea
OXYARB,Oxydendron arboreum
OXYARB,Oxydendrum arboreum
OXYRIG,Oxypolis rigidior
ORYZOP,Oyrzopsis sp.
PACTER,Pachysandra terminalis
PANQUI,Panax quinquefolius
PANAX,Panax sp.
PANTRI,Panax trifolius
PANACU,Panicum acuminatum
PANANC,Panicum anceps
PANBOR,Panicum boreale
PANBOS,Panicum boscii
PANCAP,Panicum capillare
PANCLA,Panicum clandestinum
PANCOL,Panicum columbianum
PANCOMO,Panicum commonsianum
PANCOMU,Panicum commutatum
PANDEP,Panicum depauperatum
PANDICT,Panicum dichotomiflorum
PANDICO,Panicum dichotomum
PANFLE,Panicum flexile
PANGAT,Panicum gattingeri
PANIMP,Panicum implicatum
PANLAN,Panicum lanuginosum
PANLAT,Panicum latifolium
PANLAX,Panicum laxiflorum
PANLEI,Panicum leibergii
PANLIND,Panicum lindheimeri
PANLINE,Panicum linearifolium
PANLON,Panicum longifolium
PANMER,Panicum meridionale
PANMIC,Panicum microcarpon
PANMIL,Panicum miliaceum
PANOLI,Panicum oligosanthes
PANPER,Panicum perlongum
PANPHI,Panicum philadelphicum
PANPOL,Panicum polyanthes
PANPRA,Panicum praecocius
PANRIG,Panicum rigidulum
PANSCO,Panicum scoparium
PANICU,Panicum sp.
PANSPH,Panicum sphaerocarpon
PANSPR,Panicum spretum
PANTUC,Panicum tuckermanii
PANVER,Panicum verrucosum
PANVIL,Panicum villosissimum
PANVIR,Panicum virgatum
PANYAD,Panicum yadkinense
PAPARG,Papaver argemone
PAPDUB,Papaver dubium
PAPRHO,Papaver rhoeas
PAPSOM,Papaver somniferum
PAPAVE,Papaver sp.
PARPEN,Parietaria pensylvanica
PARGLA,Parnassia glauca
PARCAN,Paronychia canadensis
PARFAS,Paronychia fastigiata
PARONY,Paronychia sp.
PARHYS,Parthenium hysterophorus
PARINT,Parthenium integrifolium
PARQUI,Parthenocissus quinquefolia
PARTHE,Parthenocissus sp.
PARVIT,Parthenocissus vitacea
PASFLO,Paspalum floridanum
PASLAE,Paspalum laeve
PASPUB,Paspalum pubiflorum
PASFLU,Paspalum repens
PASSET,Paspalum setaceum
PASPAL,Paspalum sp.
PASINC,Passiflora incarnata
PASLUT,Passiflora lutea
PASSIF,Passiflora sp.
PASSAT,Pastinaca sativa
PAUTOM,Paulownia tomentosa
PAXCAN,Paxistima canbyi
PEDCAN,Pedicularis canadensis
PEDLAN,Pedicularis lanceolata
PEDICU,Pedicularis sp.
PELATR,Pellaea atropurpurea
PELGLA,Pellaea glabella
PELLAE,Pellaea sp.
PELVIR,Peltandra virginica
PENALO,Pennisetum alopecuroides
PENCOB,Penstemon cabaea
PENCAL,Penstemon calycosus
PENCAN,Penstemon canescens
PENCOB,Penstemon cobaea
PENDIG,Penstemon digitalis
PENGRA,Penstemon grandiflorus
PENHIR,Penstemon hirsutus
PENLAE,Penstemon laevigatus
PENPAL,Penstemon pallidus
PENSTE,Penstemon sp.
PENTUB,Penstemon tubaeflorus
PENSED,Penthorum sedoides
PERAME,Perideridia americana
PERFRU,Perilla frutescens
PERAMP,Persicaria amphibia
PERARI,Persicaria arifolia
PERCAR,Persicaria careyi
PERHYD,Persicaria hydropiper
PERHDR,Persicaria hydropiperoides
PERLAP,Persicaria lapathifolium
PERLON,Persicaria longisetum
PERMAC,Persicaria maculosa
PERORI,Persicaria orientalis
PERPEN,Persicaria pensylvanica
PERPUN,Persicaria punctata
PERROB,Persicaria robustior
PERSAG,Persicaria sagittata
PERSET,Persicaria setacea
PERSIC,Persicaria sp.
PERVIR,Persicaria virginiana
PETHYB,Petasites hybridus
PETPRO,Petrorhagia prolifera
PETSAX,Petrorhagia saxifraga
PETCRI,Petroselinum crispum
PTNHYB,Petunia x hybrida
PHABIP,Phacelia bipinnatifida
PHARAN,Phacelia covillei
PHADUB,Phacelia dubia
PHAPUR,Phacelia purshii
PHARAN,Phacelia ranunculacea
PHACEL,Phacelia sp.
PHAARU,Phalaris arundinacea
PHACAN,Phalaris canariensis
PHACOC,Phaseolus coccineus
PHAPOL,Phaseolus polystachios
PHAVUL,Phaseolus vulgaris
PHICOR,Philadelphus coronarius
PHIINO,Philadelphus inodorus
PHIPUB,Philadelphus pubescens
PHLPRA,Phleum pratense
PHLDIV,Phlox divaricata
PHLGLA,Phlox glaberrima
PHLMAC,Phlox maculata
PHLOVA,Phlox ovata
PHLPAN,Phlox paniculata
PHLPIL,Phlox pilosa
PHLOX,Phlox sp.
PHLSTO,Phlox stolonifera
PHLSUBA,Phlox subulata
PHLSUBA,Phlox subulata A
PHLSUBN,Phlox subulata N
PHOSER,Phoradendron serotinum
PHRAUSAM,Phragmites australis ssp. americanus
PHRAUSAU,Phragmites australis ssp. australis
PHRLEP,Phryma leptostachya
PHYLAN,Phyla lanceolata
PHYCAR,Phyllanthus caroliniensis
PHYALK,Physalis alkekengi
PHYHET,Physalis heterophylla
PHYHIS,Physalis hispida
PHYLON,Physalis longifolia
PHYPHI,Physalis philadelphica
PHYPUB,Physalis pubescens
PHYSAL,Physalis sp.
PHYVIR,Physalis virginiana
PHYOPU,Physocarpus opulifolius
PHSVIR,Physostegia virginiana
PHYAME,Phytolacca americana
PICABI,Picea abies
PICECH,Picris echioides
PICHIE,Picris heiracioides
PICHIE,Picris hieracioides
PILFON,Pilea fontana
PILPUM,Pilea pumila
PILEA,Pilea sp.
PINBAN,Pinus banksiana
PINECH,Pinus echinata
PINNIG,Pinus nigra
PINPUN,Pinus pungens
PINRES,Pinus resinosa
PINRIG,Pinus rigida
PINUS,Pinus sp.
PINSTRA,Pinus strobus
PINSYL,Pinus sylvestris
PINVIR,Pinus virginiana
PIPAVE,Piptochaetium avenaceum
PLANAR,Plantago aristata
PLANCO,Plantago cordata
PLANLA,Plantago lanceolata
PLANMA,Plantago major
PLANPA,Plantago patagonica
PLANPS,Plantago psyllium
PLANRU,Plantago rugelii
PLANTA,Plantago sp.
PLANVI,Plantago virginica
PLAAQU,Platanthera aquilonis
PLABLE,Platanthera blephariglottis
PLACIL,Platanthera ciliaris
PLACLA,Platanthera clavellata
PLAFLA,Platanthera flava
PLAGRA,Platanthera grandiflora
PLAHOO,Platanthera hookeri
PLALAC,Platanthera lacera
PLALEU,Platanthera leucophaea
PLAORB,Platanthera orbiculata
PLAPER,Platanthera peramoena
PLAPSY,Platanthera psycodes
PLATAN,Platanthera sp.
PLAOCC,Platanus occidentalis
PLEPOL,Pleopeltis polypodioides
PLUCAM,Pluchea camphorata
PLUODO,Pluchea odorata
PLUSPP,Pluchea sp.
POAALS,Poa alsodes
POAANN,Poa annua
POABUL,Poa bulbosa
POACHA,Poa chapmaniana
POACOM,Poa compressa
POACUS,Poa cuspidata
POALAN,Poa languida
POANEM,Poa nemoralis
POAPLU,Poa paludigena
POAPAL,Poa palustris
POAPRA,Poa pratensis
POASAL,Poa saltuensis
POA,Poa sp.
POASYL,Poa sylvestris
POATRI,Poa trivialis
POAWOL,Poa wolfii
PODPEL,Podophyllum peltatum
PODCER,Podostemum ceratophyllum
POGOPH,Pogonia ophioglossoides
POLDOD,Polanisia dodecandra
POLJAM,Polanisia jamesii
POLJAM,Polansia jamesii
POLCAE,Polemonium caeruleum
POLREP,Polemonium reptans
PLYCRU,Polygala cruciata
PLYCUR,Polygala curtissii
PLYINC,Polygala incarnata
PLYPAU,Polygala paucifolia
PLYPOL,Polygala polygama
PLYSAN,Polygala sanguinea
PLYSEN,Polygala senega
POLYGA,Polygala sp.
PLYVER,Polygala verticillata
POLBIF,Polygonatum biflorum
POLPUB,Polygonatum pubescens
POLYGO,Polygonatum sp.
PLGACH,Polygonum achoreum
PLGAMP,Polygonum amphibium
PLGARE,Polygonum arenastrum
PLGARI,Polygonum arifolium
PLGAVI,Polygonum aviculare
PLGCAR,Polygonum careyi
PLGCES,Polygonum cespitosum
PLGCIL,Polygonum cilinode
PLGCON,Polygonum convolvulus
PLGCUS,Polygonum cuspidatum
PLGERE,Polygonum erectum
PLGHPR,Polygonum hydropiper
PLGHPO,Polygonum hydropiperoides
PLGLAP,Polygonum lapathifolium
PLGORI,Polygonum orientale
PLGPEN,Polygonum pensylvanicum
PLGPER,Polygonum persicaria
PLGPUN,Polygonum punctatum
PLGRAM,Polygonum ramosissimum
PLGROB,Polygonum robustius
PLGSAC,Polygonum sachalinense
PLGSAG,Polygonum sagittatum
PLGSCA,Polygonum scandens
PLGSET,Polygonum setaceum
POLYGN,Polygonum sp.
PLGTEN,Polygonum tenue
PLGVIR,Polygonum virginianum
POLCAN,Polymnia canadensis
POLYMN,Polymnia sp.
POLUVE,Polymnia uvedalia
POLAPP,Polypodium appalachianum
POLYPOD,Polypodium sp.
POLVIG,Polypodium virginianum
POLACR,Polystichum acrostichoides
PONCOR,Pontederia cordata
POPALB,Populus alba
POPBAL,Populus balsamifera
POPDEL,Populus deltoides
POPGRA,Populus grandidentata
POPHET,Populus heterophylla
POPNIG,Populus nigra L. var. italica
POPNIG,Populus nigra var. italica
POPULU,Populus sp.
POPTRE,Populus tremuloides
PORTER,Porteranthus sp.
PORSTI,Porteranthus stipulatus
PORTRI,Porteranthus trifoliatus
PORGRA,Portulaca grandiflora
POROLE,Portulaca oleracea
PTMAMP,Potamogeton amplifolius
PTMCRI,Potamogeton crispus
PTMDIV,Potamogeton diversifolius
PTMEPI,Potamogeton epihydrus
PTMFOL,Potamogeton foliosus
PTMFRI,Potamogeton friesii
PTMGRA,Potamogeton gramineus
PTMHIL,Potamogeton hillii
PTMILL,Potamogeton illinoensis
PTMNAT,Potamogeton natans
PTMNOD,Potamogeton nodosus
PTMPER,Potamogeton perfoliatus
PTMPRA,Potamogeton praelongus
PTMPUL,Potamogeton pulcher
PTMPUS,Potamogeton pusillus
PTMRIC,Potamogeton richardsonii
PTMROB,Potamogeton robbinsii
POTAMO,Potamogeton sp.
PTMSPI,Potamogeton spirillus
PTMSTR,Potamogeton strictifolius
PTMTEN,Potamogeton tennesseensis
PTMVAS,Potamogeton vaseyi
PTMZOS,Potamogeton zosteriformis
POTANS,Potentilla anserina
POTARG,Potentilla argentea
POTARU,Potentilla arguta
POTCAN,Potentilla canadensis
POTFRU,Potentilla fruticosa
POTINC,Potentilla inclinata
POTINT,Potentilla intermedia
POTNOR,Potentilla norvegica
POTPAL,Potentilla palustris
POTPAR,Potentilla paradoxa
POTREC,Potentilla recta
POTREP,Potentilla reptans
POTSIM,Potentilla simplex
POTENT,Potentilla sp.
PREALB,Prenanthes alba
PREALT,Prenanthes altissima
PREASP,Prenanthes aspera
PRECRE,Prenanthes crepidinea
PRERAC,Prenanthes racemosa
PRESER,Prenanthes serpentaria
PRENAN,Prenanthes sp.
PRETRI,Prenanthes trifoliolata
PROLOU,Proboscidea louisianica
PROLAN,Prosartes lanuginosa
PROMAC,Prosartes maculata
PROSAR,Prosartes sp.
PROPAL,Proserpinaca palustris
PRUVUL,Prunella vulgaris
PRUAME,Prunus americana
PRUARM,Prunus armeniaca
PRUAVE,Prunus avium
PRUCER,Prunus cerasus
PRUHOR,Prunus hortulana
PRUMAH,Prunus mahaleb
PRUMEX,Prunus mexicana
PRUMUN,Prunus munsoniana
PRUNIG,Prunus nigra
PRUPEN,Prunus pensylvanica
PRUPER,Prunus persica
PRUPUM,Prunus pumila
PRUSER,Prunus serotina
PRUNUS,Prunus sp.
PRUTOM,Prunus tomentosa
PRUVIR,Prunus virginiana
PTETRI,Ptelea trifoliata
PTEAQU,Pteridium aquilinum
PUCDIS,Puccinellia distans
PUCPAL,Puccinellia pallida
PUCCIN,Puccinellia sp.
PUELOB,Pueraria lobata
PYCINC,Pycnanthemum incanum
PYCMUT,Pycnanthemum muticum
PYCPYC,Pycnanthemum pycnanthemoides
PYCNAN,Pycnanthemum sp.
PYCTEN,Pycnanthemum tenuifolium
PYCVERP,Pycnanthemum verticillatum var. pilosum
PYCVERV,Pycnanthemum verticillatum var. verticillatum
PYCVIR,Pycnanthemum virginianum
PYRCHL,Pyrola chlorantha
PYRELL,Pyrola elliptica
PYRROT,Pyrola rotundifolia var. americana
PYRSEC,Pyrola secunda
PYROLA,Pyrola sp.
PYROLA,Pyroloa sp.
PYRANG,Pyrus angustifolia
PYRCAL,Pyrus calleryana
PYRCAL,Pyrus callieryana
PYRCOM,Pyrus communis
PYRCOR,Pyrus coronaria
PYRFLO,Pyrus floribunda
PYRIOE,Pyrus ioensis
PYRMAL,Pyrus malus
PYRUS,Pyrus sp.
QUEALB,Quercus alba
QUEBIC,Quercus bicolor
QUECOC,Quercus coccinea
QUEFAL,Quercus falcata
QUEIMB,Quercus imbricaria
QUEMAC,Quercus macrocarpa
QUEMAR,Quercus marilandica
QUEMUE,Quercus muehlenbergii
QUEPAL,Quercus palustris
QUEPRI,Quercus prinus
QUERUB,Quercus rubra
QUESHU,Quercus shumardii
QUERCU,Quercus sp.
QUESTE,Quercus stellata
QUEVEL,Quercus velutina
RANABO,Ranunculus abortivus
RANACR,Ranunculus acris
RANALL,Ranunculus allegheniensis
RANAMB,Ranunculus ambigens
RANBUL,Ranunculus bulbosus
RANFAS,Ranunculus fascicularis
RANFIC,Ranunculus ficaria
RANFLA,Ranunculus flabellaris
RANHIS,Ranunculus hispidus
RANLON,Ranunculus longirostris
RANMIC,Ranunculus micranthus
RANPEN,Ranunculus pensylvanicus
RANPUS,Ranunculus pusillus
RANREC,Ranunculus recurvatus
RANREP,Ranunculus repens
RANSCE,Ranunculus sceleratus
RANUNC,Ranunculus sp.
RANTES,Ranunculus testiculatus
RAPRAP,Raphanus raphanistrum
RAPSAT,Raphanus sativus
RASPP,Raphanus sp.
RATPIN,Ratibida pinnata
RESALB,Reseda alba
RESLUT,Reseda luteola
RESSPP,Reseda sp.
RHAALN,Rhamnus alnifolia
RHACAR,Rhamnus caroliniana
RHACAT,Rhamnus cathartica
RHAFRA,Rhamnus frangula
RHALAN,Rhamnus lanceolata
RHAMNU,Rhamnus sp.
RHERHA,Rheum rhabarbarum
RHEVIR,Rhexia virginica
RHOCAL,Rhododendron calendulaceum
RHOMAX,Rhododendron maximum
RHOPER,Rhododendron periclymenoides
RHOPRI,Rhododendron prinophyllum
RHODOD,Rhododendron sp.
RHUAARE,Rhus aromatica Aiton var. arenaria
RHUAARE,Rhus aromatica var. arenaria
RHUAARO,Rhus aromatica var. aromatica
RHUCOP,Rhus copallinum
RHUGLA,Rhus glabra
RHUS,Rhus sp.
RHUTYP,Rhus typhina
RHYALB,Rhynchospora alba
RHYCPC,Rhynchospora capillacea
RHYCPT,Rhynchospora capitellata
RHYREC,Rhynchospora recognita
RHYNCH,Rhynchospora sp.
RIBAME,Ribes americanum
RIBCYN,Ribes cynosbati
RIBGLA,Ribes glandulosum
RIBHIR,Ribes hirtellum
RIBMIS,Ribes missouriense
RIBODO,Ribes odoratum
RIBROT,Ribes rotundifolium
RIBSAT,Ribes sativum
RIBES,Ribes sp.
RIBTRI,Ribes triste
RIBUVA,Ribes uva-crispa
RICFLU,Riccia fluitans
RICNAT,Ricciocarpos natans
RICCOM,Ricinus communis
ROBHIS,Robinia hispida
ROBPSE,Robinia pseudoacacia
ROBVIS,Robinia viscosa
RORAQU,Rorippa aquatica
RORNAS,Rorippa nasturtium-aquaticum
RORPAL,Rorippa palustris
RORSES,Rorippa sessiliflora
RORIPP,Rorippa sp.
RORSYL,Rorippa sylvestris
ROSARK,Rosa arkansana
ROSBLA,Rosa blanda
ROSCAN,Rosa canina
ROSCAR,Rosa carolina
ROSEGL,Rosa eglanteria
ROSGAL,Rosa gallica
ROSMAJ,Rosa majalis
ROSMIC,Rosa micrantha
ROSMUL,Rosa multiflora
ROSNIT,Rosa nitida
ROSPAL,Rosa palustris
ROSRUG,Rosa rugosa
ROSSET,Rosa setigera
ROSA,Rosa sp.
ROSWIC,Rosa wichuraiana
ROSWIC,Rosa wichuriana
ROTRAM,Rotala ramosior
RUBALL,Rubus allegheniensis
RUBCAE,Rubus caesius
RUBDIS,Rubus discolor
RUBFLA,Rubus flagellaris
RUBHIS,Rubus hispidus
RUBIDAS,Rubus idaeus L. var. strigosus
RUBIDAI,Rubus ideaus L. var. ideaus
RUBLAC,Rubus laciniatus
RUBOCC,Rubus occidentalis
RUBODO,Rubus odoratus
RUBPAR,Rubus parviflorus
RUBPEN,Rubus pensilvanicus
RUBPHO,Rubus phoenicolasius
RUBPUB,Rubus pubescens
RUBUS,Rubus sp.
RUBTRI,Rubus trivialis
RUDFUL,Rudbeckia fulgida
RUDHIR,Rudbeckia hirta
RUDLAC,Rudbeckia laciniata
RUDBEC,Rudbeckia sp.
RUDTRI,Rudbeckia triloba
RUECAR,Ruellia caroliniensis
RUEHUM,Ruellia humilis
RUELLI,Ruellia sp.
RUESTR,Ruellia strepens
RUMACE,Rumex acetosella
RUMALT,Rumex altissimus
RUMCON,Rumex conglomeratus
RUMCRI,Rumex crispus
RUMMAR,Rumex maritimus
RUMOBT,Rumex obtusifolius
RUMORB,Rumex orbiculatus
RUMPAT,Rumex patienta
RUMPAT,Rumex patientia
RUMEX,Rumex sp.
RUMVER,Rumex verticillatus
RUPCIR,Ruppia cirrhosa
SABANG,Sabatia angularis
SACALO,Saccharum alopecuroides
ERIALO,Saccharum alopecuroidum
SACRAV,Saccharum ravennae
SAGDEC,Sagina decumbens
SAGPRO,Sagina procumbens
SAGINA,Sagina sp.
SAGAUS,Sagittaria australis
SAGBRE,Sagittaria brevirostra
SAGCUN,Sagittaria cuneata
SAGGRA,Sagittaria graminea
SAGLAT,Sagittaria latifolia
SAGMON,Sagittaria montevidensis
SAGPLA,Sagittaria platyphylla
SAGRIG,Sagittaria rigida
SAGITT,Sagittaria sp.
SALEUR,Salicornia europaea
SLXALB,Salix alba
SLXAMY,Salix amygdaloides
SLXBAB,Salix babylonica
SLXBEB,Salix bebbiana
SLXCAN,Salix candida
SLXCAP,Salix caprea
SLXCAR,Salix caroliniana
SLXCIN,Salix cinera
SLXCIN,Salix cinerea
SLXDIS,Salix discolor
SLXERI,Salix eriocephala
SLXEXI,Salix exigua
SLXFRA,Salix fragilis
SLXHUM,Salix humilis
SLXLUC,Salix lucida
SLXMYR,Salix myricoides
SLXNIG,Salix nigra
SLXOCC,Salix occidentalis
SLXPED,Salix pedicellaris
SLXPEN,Salix pentandra
SLXPET,Salix petiolaris
SLXPUR,Salix purpurea
SLXSRC,Salix sericea
SLXSRS,Salix serissima
SALIX,Salix sp.
SALKAL,Salsola kali
SALAZU,Salvia azurea
SALCOC,Salvia coccinea
SALLYR,Salvia lyrata
SALOFF,Salvia officinalis
SALPRA,Salvia pratensis
SALREF,Salvia reflexa
SALVIA,Salvia sp.
SALSPL,Salvia splendens
SALSUB,Salvia x superba
SAMCAN,Sambucus canadensis
SAMPUB,Sambucus pubens
SAMBUC,Sambucus sp.
SAMFLO,Samolus floribundus
SANCAN,Sanguinaria canadensis
SANGCA,Sanguisorba canadensis
SANICAN,Sanicula canadensis
SANGRE,Sanicula gregaria
SANIMA,Sanicula marilandica
SANICU,Sanicula sp.
SANITR,Sanicula trifoliata
SAPOFF,Saponaria officinalis
SARPUR,Sarracenia purpurea
SASALB,Sassafras albidum
SATHOR,Satureja hortensis
SAUCER,Saururus cernuus
SAXPEN,Saxifraga pensylvanica
SAXIFR,Saxifraga sp.
SAXVIR,Saxifraga virginiensis
SCACOL,Scabiosa columbaria
SCAPEC,Scandix pecten-veneris
SCHPAL,Scheuchzeria palustris
SCHPURP,Schizachne purpurascens
SCHLIT,Schizachyrium littorale
SCHSCO,Schizachyrium scoparium
SCHIZA,Schizachyrium sp.
SCHACU,Schoenoplectus acutus
SCHAME,Schoenoplectus americanus
SCHMUC,Schoenoplectus mucronatus
SCHPUN,Schoenoplectus pungens
SCHPURS,Schoenoplectus purshianus
SCHSAX,Schoenoplectus saximontanus
SCHSMI,Schoenoplectus smithii
SCHOEN,Schoenoplectus sp.
SCHSUB,Schoenoplectus subterminalis
SCHTAB,Schoenoplectus tabernaemontani
SCHTOR,Schoenoplectus torreyi
SCINON,Scilla nonscripta
SCINON,Scilla non-scripta
SCIATR,Scirpus atrovirens
SCICYP,Scirpus cyperinus
SCIEXP,Scirpus expansus
SCIFLU,Scirpus fluviatilis
SCIGEO,Scirpus georgianus
SCIHAT,Scirpus hattorianus
SCIPED,Scirpus pedicellatus
SCIPEN,Scirpus pendulus
SCIPOL,Scirpus polyphyllus
SCIRPU,Scirpus sp.
SCLANN,Scleranthus annuus
SCLOLI,Scleria oligantha
SCLPAU,Scleria pauciflora
SCLERI,Scleria sp.
SCLTRI,Scleria triglomerata
SCLVER,Scleria verticillata
SCRLAN,Scrophularia lanceolata
SCRMAR,Scrophularia marilandica
SCROPH,Scrophularia sp.
SCUELL,Scutellaria elliptica
SCUGAL,Scutellaria galericulata
SCUINC,Scutellaria incana
SCUINT,Scutellaria integrifolia
SCULAT,Scutellaria lateriflora
SCUNER,Scutellaria nervosa
SCUOVA,Scutellaria ovata
SCUPAR,Scutellaria parvula
SCUSAX,Scutellaria saxatilis
SCUSER,Scutellaria serrata
SCUTEL,Scutellaria sp.
SECCER,Secale cereale
SEDACR,Sedum acre
SEDALB,Sedum album
SEDPUR,Sedum purpuream
SEDPUR,Sedum purpureum
SEDSAR,Sedum sarmentosum
SEDSEX,Sedum sexangulare
SEDUM,Sedum sp.
SEDTEL,Sedum telephioides
SEDTER,Sedum ternatum
SELAPO,Selaginella apoda
SELECL,Selaginella eclipes
SELRUP,Selaginella rupestris
SELAGI,Selaginella sp.
SENANO,Senecio anonymous
SENAUR,Senecio aureus
SENGLA,Senecio glabellus
SENOBO,Senecio obovatus
SENPAU,Senecio pauperculus
SENPLA,Senecio plattensis
SENECI,Senecio sp.
SENSYL,Senecio sylvaticus
SENVUL,Senecio vulgaris
SENHEB,Senna hebecarpa
SENMAR,Senna marilandica
SENNA,Senna sp.
SERAST,Sericocarpus asteroides
SERLIN,Sericocarpus linifolius
SERIOC,Sericocarpus sp.
SETFAB,Setaria faberi
SETGEN,Setaria geniculata
SETGLA,Setaria glauca
SETITA,Setaria italica
SETPAR,Setaria parviflora
SETARI,Setaria sp.
SETVER,Setaria verticillata
SETVIR,Setaria viridis
SHECAN,Shepherdia canadensis
SHEARV,Sherardia arvensis
SIBVIR,Sibara virginica
SICANG,Sicyos angulatus
SIDHER,Sida hermaphrodita
SIDA,Sida sp.
SIDSPI,Sida spinosa
SILANT,Silene antirrhina
SILARM,Silene armeria
SILCARP,Silene caroliniana var. pensylvanica
SILCARW,Silene caroliniana var. wherryi
SILCARP,Silene caroliniana Walter subsp. pensylvanica
SILCARW,Silene caroliniana Walter subsp. wherryi
SILCON,Silene conica
SILCSE,Silene cserei
SILCSE,Silene csereii
SILDIC,Silene dichotoma
SILDIO,Silene dioica
SILLAT,Silene latifolia
SILNIV,Silene nivea
SILNOC,Silene noctiflora
SILREG,Silene regia
SILROT,Silene rotundifolia
SILENE,Silene sp.
SILSTE,Silene stellata
SILVIR,Silene virginica
SILVUL,Silene vulgaris
SLPLAC,Silphium laciniatum
SLPPER,Silphium perfoliatum
SILPHI,Silphium sp.
SLPTER,Silphium terebinthinaceum
SLPTRI,Silphium trifoliatum
SILMAR,Silybum marianum
SINALB,Sinapsis alba
SINARV,Sinapsis arvensis
SINAPI,Sinapsis sp.
SISALT,Sisymbrium altissimum
SISLOE,Sisymbrium loeselii
SISOFF,Sisymbrium officinale
SISYMB,Sisymbrium sp.
SISALB,Sisyrinchium albidum
SISANG,Sisyrinchium angustifolium
SISATL,Sisyrinchium atlanticum
SISMON,Sisyrinchium montanum
SISMUC,Sisyrinchium mucronatum
SISYRI,Sisyrinchium sp.
SIUSUA,Sium suave
SMXECI,Smilax ecirrhata
SMXGLA,Smilax glauca
SMXHER,Smilax herbacea
SMXHIS,Smilax hispida
SMXILL,Smilax illinoensis
SMXLAS,Smilax lasioneura
SMXPUL,Smilax pulverulenta
SMXROT,Smilax rotundifolia
SMILAX,Smilax sp.
SLMCAR,Solanum carolinense
SLMDUL,Solanum dulcamara
SLMLYC,Solanum lycopersicum
SLMNIG,Solanum nigrum
SLMPHY,Solanum physalifolium
SLMROS,Solanum rostratum
SOLANU,Solanum sp.
SLMTRI,Solanum triflorum
SLMTUB,Solanum tuberosum
SOLALT,Solidago altissima
SOLARG,Solidago arguta
SOLBIC,Solidago bicolor
SOLCAE,Solidago caesia
SOLCAN,Solidago canadensis
SOLERE,Solidago erecta
SOLFLE,Solidago flexicaulis
SOLGIG,Solidago gigantea
SOLHIS,Solidago hispida
SOLJUN,Solidago juncea
SOLNEM,Solidago nemoralis
SOLODO,Solidago odora
SOLOHI,Solidago ohioensis
SOLPAT,Solidago patula
SOLPTA,Solidago ptarmicoides
SOLPUB,Solidago puberula
SOLRID,Solidago riddellii
SOLRIG,Solidago rigida
SOLRUG,Solidago rugosa
SOLSEM,Solidago sempervirens
SOLIDA,Solidago sp.
SOLSPE,Solidago speciosa
SOLSPE,Solidago speciosa Nutt. var. rigidiuscula
SOLSPE,Solidago speciosa var. speciosa
SOLSPH,Solidago sphacelata
SOLSQU,Solidago squarrosa
SOLULI,Solidago uliginosa
SOLULM,Solidago ulmifolia
SONARV,Sonchus arvensis
SONASP,Sonchus asper
SONOLE,Sonchus oleraceus
SONCHU,Sonchus sp.
SONOLE,Soncus oleraceus
SORSOR,Sorbaria sorbifolia
SORAUC,Sorbus aucuparia
SORDEC,Sorbus decora
SORBUS,Sorbus sp.
SORNUT,Sorghastrum nutans
SORBIC,Sorghum bicolor
SORHAL,Sorghum halepense
SORGHU,Sorghum sp.
SPAAME,Sparganium americanum
SPAAND,Sparganium androcladum
SPACHL,Sparganium emersum
SPAEUR,Sparganium eurycarpum
SPARGA,Sparganium sp.
SPAPEC,Spartina pectinata
SPHPEN,Spenopholis pensylvanica
SPEARV,Spergula arvensis
SPEMAR,Spergularia marina
SPEMED,Spergularia media
SPERUB,Spergularia rubra
SPERGU,Spergularia sp.
SPEGLA,Spermacoce glabra
MOSS,Sphagnum sp.
SPHNIT,Sphenopholis nitida
SPHOBTM,Sphenopholis obtusata var. major
SPHOBTO,Sphenopholis obtusata var. obtusata
SPHPEN,Sphenopholis pensylvanica
SPHENO,Sphenopholis sp.
SPIALA,Spiraea alba
SPIJAP,Spiraea japonica
SPIPRU,Spiraea prunifolia
SPIRAE,Spiraea sp.
SPITOM,Spiraea tomentosa
SPIVIR,Spiraea virginiana
SPRCERC,Spiranthes cernua var. cernua
SPRCERO,Spiranthes cernua var. ochroleuca
SPRLAC,Spiranthes lacera
SPRLUC,Spiranthes lucida
SPRMAG,Spiranthes magnicamporum
SPROVA,Spiranthes ovalis
SPRROM,Spiranthes romanzoffiana
SPIRAN,Spiranthes sp.
SPRTUB,Spiranthes tuberosa
SPRVER,Spiranthes vernalis
SPIPOL,Spirodela polyrhiza
SPOASP,Sporobolus asper
SPOCRY,Sporobolus cryptandrus
SPOHET,Sporobolus heterolepis
SPONEG,Sporobolus neglectus
SPOOZA,Sporobolus ozarkanus
SPOROB,Sporobolus sp.
SPOVAG,Sporobolus vaginiflorus
STAASP,Stachys aspera
STACOR,Stachys cordata
STAGER,Stachys germanica
STAPAL,Stachys palustris
STACHY,Stachys sp.
STATEN,Stachys tenuifolia
STNDEAD,Standing dead
STATRI,Staphylea trifolia
STEALS,Stellaria alsine
STEAQU,Stellaria aquatica
STEGRA,Stellaria graminea
STEHOL,Stellaria holostea
STELON,Stellaria longifolia
STEMED,Stellaria media
STEPAL,Stellaria pallida
STEPUB,Stellaria pubera
STELLA,Stellaria sp.
STNGRA,Stenanthium gramineum
STISPA,Stipa spartea
STRROS,Streptopus lanceolatus
STRHEL,Strophostyles helvula
STRLEI,Strophostyles leiosperma
STROPH,Strophostyles sp.
STRUMB,Strophostyles umbellata
STUFIL,Stuckenia filiformis
STUPEC,Stuckenia pectinata
STUCKE,Stuckenia sp.
STYDIP,Stylophorum diphyllum
STYBIF,Stylosanthes biflora
STYGRA,Styrax grandifolius
SUACAL,Suaeda calceoliformis
SULSUL,Sullivantia sullivantii
SYMALBA,Symphoricarpos albus var. albus
SYMALBL,Symphoricarpos albus var. laevigatus
SYMOCC,Symphoricarpos occidentalis
SYMORB,Symphoricarpos orbiculatus
SYMPHO,Symphoricarpos sp.
SYMOBL,Symphyotrichom oblongifolium
SYMBOR,Symphyotrichum boreale
SYMBRA,Symphyotrichum ciliatum
SYMCOR,Symphyotrichum cordifolium
SYMDRU,Symphyotrichum drummondii
SYMDUM,Symphyotrichum dumosum
SYMERI,Symphyotrichum ericoides
SYMFIR,Symphyotrichum firmum
SYMFIR,Symphyotrichum laeve
SYMLAN,Symphyotrichum lanceolatum
SYMLAT,Symphyotrichum lateriflorum
SYMLOW,Symphyotrichum lowrieanum
SYMNOV,Symphyotrichum novae-angliae
SYMONT,Symphyotrichum ontarione
SYMOOL,Symphyotrichum oolentangiense
SYMPAT,Symphyotrichum patens
SYMPIL,Symphyotrichum pilosum
SYMPRA,Symphyotrichum praealtum
SYMPRE,Symphyotrichum prenanthoides
SYMPUN,Symphyotrichum puniceum
SYMRAC,Symphyotrichum racemosum
SYMSHO,Symphyotrichum shortii
SYMPHY,Symphyotrichum sp.
SYMSUB,Symphyotrichum subulatum
SYMSAG,Symphyotrichum urophyllum
SYMUND,Symphytrichum undulatum
SYMASP,Symphytum asperum
SYMOFF,Symphytum officinale
SYMPHY,Symphytum sp.
SYNFOE,Symplocarpus foetidus
SYNHIS,Synandra hispidula
SYRVUL,Syringa vulgaris
TAEINT,Taenidia integerrima
TAMCHI,Tamarix chinensis
TANVUL,Tanacetum vulgare
TARLAE,Taraxacum laevigatum
TAROFF,Taraxacum officinale
TARAXA,Taraxacum sp.
TAXDIS,Taxodium distichum
TAXCAN,Taxus canadensis
TEPVIR,Tephrosia virginiana
TEUCAN,Teucrium canadense
THADAS,Thalictrum dasycarpum
THADIO,Thalictrum dioicum
THAPUB,Thalictrum pubescens
THAREV,Thalictrum revolutum
THALIC,Thalictrum sp.
THABAR,Thaspium barbinode
THASPI,Thaspium sp.
THATRI,Thaspium trifoliatum
THEHEX,Thelypteris hexagonaptera
THENOV,Thelypteris novaboracensis
THEPAL,Thelypteris palustris
THEPHE,Thelypteris phegopteris
THELYP,Thelypteris sp.
THLALL,Thlaspi alliaceum
THLARV,Thlaspi arvense
THLPER,Thlaspi perfoliatum
THLASP,Thlaspi sp.
THUOCC,Thuja occidentalis
THYPAS,Thymelaea passerina
THYSER,Thymus serpyllum
TIACOR,Tiarella cordifolia
TILAME,Tilia americana
TILHET,Tilia heterophylla
TILIA,Tilia sp.
TIPDIS,Tipularia discolor
TORARV,Torilis arvensis
TORJAP,Torilis japonica
TORILI,Torilis sp.
TOXRAD,Toxicodendron radicans
TOXRYD,Toxicodendron rydbergii
TOXVER,Toxicodendron vernix
TRABRA,Tradescantia bracteata
TRAOHI,Tradescantia ohiensis
TRADES,Tradescantia sp.
TRASUB,Tradescantia subaspera
TRAVIR,Tradescantia virginiana
TRADUB,Tragogpogon dubius
TRADUB,Tragopogon dubius
TRAPOR,Tragopogon porrifolius
TRAPRA,Tragopogon pratensis
TRAGOP,Tragopogon sp.
TRIFRA,Triadenum fraseri
TRIADE,Triadenum sp.
TRITUB,Triadenum tubulosum
TRIVIR,Triadenum virginicum
TRIWAL,Triadenum walteri
TRIGLU,Triantha glutinosa
TRITER,Tribulus terrestris
TRIBOS,Trichomanes boschianum
TRIINT,Trichomanes intricatum
TRICHO,Trichomanes sp.
TRIPLA,Trichophorum planifolium
TRIDOC,Trichostema dichotomum
TRISET,Trichostema setaceum
TRICHS,Trichostema sp.
TRIFLA,Tridens flavus
TRIBOR,Trientalis borealis
TRFARV,Trifolium arvense
TRFAUR,Trifolium aureum
TRFCAM,Trifolium campestre
TRFDUB,Trifolium dubium
TRFHYB,Trifolium hybridum
TRFINC,Trifolium incarnatum
TRFPRA,Trifolium pratense
TRFREF,Trifolium reflexum
TRFREP,Trifolium repens
TRIFOL,Trifolium sp.
TRFSTO,Trifolium stoloniferum
TRIMAR,Triglochin maritima
TRIPAL,Triglochin palustre
TRIGLO,Triglochin sp.
TRLCER,Trillium cernuum
TRLERE,Trillium erectum
TRLFLE,Trillium flexipes
TRLGRA,Trillium grandiflorum
TRLNIV,Trillium nivale
TRLREC,Trillium recurvatum
TRLSES,Trillium sessile
TRILLI,Trillium sp.
TRLUND,Trillium undulatum
TRDPER,Triodanis perfoliata
TRIANG,Triosteum angustifolium
TRIAUR,Triosteum aurantiacum
TRIPER,Triosteum perfoliatum
TRIOST,Triosteum sp.
TRITRI,Triphora trianthophora
TRIPUR,Triplasis purpurea
TRIDAC,Tripsacum dactyloides
TRIAES,Triticum aestivum
TROLAX,Trollius laxus
TSUCAN,Tsuga canadensis
TULGES,Tulipa gesneriana
TUSFAR,Tussilago farfara
TYPANG,Typha angustifolia
TYPLAT,Typha latifolia
TYPHA,Typha sp.
TYPGLA,Typha x glauca
ULMAME,Ulmus americana
ULMPUM,Ulmus pumila
ULMRUB,Ulmus rubra
ULMUS,Ulmus sp.
ULMTHO,Ulmus thomasii
URTCHA,Urtica chamaedryoides
URTIDIOP,Urtica dioica L. var. procera
URTDIOD,Urtica dioica var. dioica
URTGRA,Urtica gracilis
URTICA,Urtica sp.
UTRCOR,Utricularia cornuta
UTRGEM,Utricularia geminiscapa
UTRGIB,Utricularia gibba
UTRINT,Utricularia intermedia
UTRMIN,Utricularia minor
UTRICU,Utricularia sp.
UTRVUL,Utricularia vulgaris
UVUGRA,Uvularia grandiflora
UVUPER,Uvularia perfoliata
UVUSES,Uvularia sessilifolia
UVULAR,Uvularia sp.
VACHIS,Vaccaria hispanica
VACANG,Vaccinium angustifolium
VACCOR,Vaccinium corymbosum
VACMAC,Vaccinium macrocarpon
VACMYR,Vaccinium myrtilloides
VACOXY,Vaccinium oxycoccos
VACPAL,Vaccinium pallidum
VACCIN,Vaccinium sp.
VACSTA,Vaccinium stamineum
VALCIL,Valeriana ciliata
VALOFF,Valeriana officinalis
VALPAU,Valeriana pauciflora
VALERI,Valeriana sp.
VALULI,Valeriana uliginosa
VALCHE,Valerianella chenopodifolia
VALLOC,Valerianella locusta
VALRAD,Valerianella radiata
VALERN,Valerianella sp.
VALUMB,Valerianella umbilicata
VALAME,Vallisneria americana
VERVIRI,Veratrum viride
VERBLA,Verbascum blattaria
VERPHL,Verbascum phlomoides
VERBAS,Verbascum sp.
VERTHA,Verbascum thapsus
VERVIRG,Verbascum virgatum
VERBRA,Verbena bracteata
VERCAN,Verbena canadensis
VERHAS,Verbena hastata
VERSIM,Verbena simplex
VERBEN,Verbena sp.
VERSTR,Verbena stricta
VERURT,Verbena urticifolia
VERALT,Verbesina alternifolia
VERHEL,Verbesina helianthoides
VEROCC,Verbesina occidentalis
VERBES,Verbesina sp.
VERVIRA,Verbesina virginica
VERFAS,Vernonia fasciculata
VERGIG,Vernonia gigantea
VERMIS,Vernonia missurica
VERNOV,Vernonia noveboracensis
VERNON,Vernonia sp.
VERAGR,Veronica agrestis
VERAME,Veronica americana
VERANA,Veronica anagallis-aquatica
VERARV,Veronica arvensis
VERBEC,Veronica beccabunga
VERCAT,Veronica catenata
VERCHA,Veronica chamaedrys
VERFIL,Veronica filiformis
VERHED,Veronica hederaefolia
VERHED,Veronica hederifolia
VERLAT,Veronica latifolia
VERLON,Veronica longifolia
VEROFF,Veronica officinalis
VERPERP,Veronica peregrina var. peregrina
VERPERX,Veronica peregrina var. xalapensis
VERPER,Veronica persica
VERPOL,Veronica polita
VERSCU,Veronica scutellata
VERSER,Veronica serpyllifolia
VERONI,Veronica sp.
VERVER,Veronica verna
VERVIRM,Veronicastrum virginicum
VIBACE,Viburnum acerifolium
VIBALN,Viburnum alnifolium
VIBCAS,Viburnum cassinoides
VIBDEN,Viburnum dentatum
VIBLAN,Viburnum lantana
VIBLEN,Viburnum lentago
VIBMOL,Viburnum molle
VIBOPUA,Viburnum opulus L. var. americana
VIBOPUO,Viburnum opulus var. opulus
VIBPRU,Viburnum prunifolium
VIBRAF,Viburnum rafinesquianum
VIBREC,Viburnum recognitum
VIBRUF,Viburnum rufidulum
VIBSIE,Viburnum seiboldii
VIBURN,Viburnum sp.
VICAME,Vicia americana
VICANG,Vicia angustifolia
VICCAR,Vicia caroliniana
VICCRA,Vicia cracca
VICDAS,Vicia dasycarpa
VICHIR,Vicia hirsuta
VICSAT,Vicia sativa
VICIA,Vicia sp.
VICTET,Vicia tetrasperma
VICVIL,Vicia villosa
VINMAJ,Vinca major
VINMIN,Vinca minor
VINNIG,Vincetoxicum nigrum
VIOARV,Viola arvensis
VIOBLA,Viola blanda
VIOCAN,Viola canadensis
VIOCON,Viola conspersa
VIOCUC,Viola cucullata
VIOHAS,Viola hastata
VIOLAN,Viola lanceolata
VIOMAC,Viola macloskeyi
VIOMIS,Viola missouriensis
VIONEP,Viola nephrophylla
VIOODO,Viola odorata
VIOPPED,Viola palmata L. var. pedatifida
VIOPPAL,Viola palmata var. palmata
VIOPPED,Viola palmata var. pedatifida
VIOPED,Viola pedata
VIOPRI,Viola primulifolia
VIOPUB,Viola pubescens
VIORAF,Viola rafinesquii
VIOROS,Viola rostrata
VIOROT,Viola rotundifolia
VIOSAG,Viola sagittata
VIOSOR,Viola sororia
VIOLA,Viola sp.
VIOLA2,Viola sp. 2
VIOSTR,Viola striata
VIOTRC,Viola tricolor
VIOTRP,Viola tripartita
VIOVIL,Viola villosa
VIOWAL,Viola walteri
VITNEG,Vitex negundo
VITAES,Vitis aestivalis
VITCIN,Vitis cinerea
VITLAB,Vitis labrusca
VITRIP,Vitis riparia
VITIS,Vitis sp.
VITVUL,Vitis vulpina
VITAPP,Vittaria appalachiana
VULBRO,Vulpia bromoides
VULMYU,Vulpia myuros
VULOCT,Vulpia octoflora
WALFRA,Waldsteinia fragarioides
WISFLO,Wisteria floribunda
WISFRU,Wisteria frutescens
WOLBOR,Wolffia borealis
WOLBRA,Wolffia brasiliensis
WOLCOL,Wolffia columbiana
WOLFFI,Wolffia sp.
WOLGLA,Wolffiella gladiata
WOOILV,Woodsia ilvensis
WOOOBT,Woodsia obtusa
WOODSI,Woodsia sp.
WOOARE,Woodwardia areolata
WOODWA,Woodwardia sp.
WOOVIR,Woodwardia virginica
XANTHI,Xanthium sp.
XANSPI,Xanthium spinosum
XANSTR,Xanthium strumarium
XANSIM,Xanthorhiza simplicissima
XYRDIF,Xyris difformis
XYRIS,Xyris sp.
XYRTOR,Xyris torta
YUCFIL,Yucca filamentosa
ZANPAL,Zannichellia palustris
ZANAME,Zanthoxylum americanum
ZEAMAY,Zea mays
ZIGELE,Zigadenus elegans
ZIZAQU,Zizania aquatica
ZIZAPT,Zizia aptera
ZIZAUR,Zizia aurea
ZIZIA,Zizia sp.
ZOSDUB,Zosterella dubia
